,重点符号,序号,英文原型,词性,中文释义,音标
0,*,1.0, birth,n.,出生；诞生,[bɜːθ]
1,,2.0, born,adj.,出生的,[bɔːn]
2,,4.0, birthday,n.,生日,[ˈbɜːθdeɪ]
3,,5.0,name,n.,名字；姓名，名称,[neɪm]
4,,6.0, age,n.,年龄;时代,[eɪdʒ]
5,,7.0, address,n.,地址,[əˈdres]
6,,8.0, background,n.,背景,[ˈbækɡraʊnd]
7,,1.0,beautiful,adj.,美的；美丽的；美观的,[ˈbjuːtɪfl]
8,,2.0,pretty,adj.,漂亮的；俊俏的,[ˈprɪti]
9,,3.0,nice,adj.,好的；令人愉快的；漂亮的,[naɪs]
10,*,4.0,handsome,adj.,英俊的,[ˈhænsəm]
11,,5.0,high,adj.,高的；高度的,[haɪ]
12,,6.0, tall,adj.,高的,[tɔːl]
13,,7.0, young,adj.,年轻的,[jʌŋ]
14,,8.0, fat,adj.,"肥的,胖的",[fæt]
15,,9.0, height,n.,高度，高,[haɪt]
16,,10.0, short,adj.,短的；矮的,[ʃɔːt]
17,*,11.0,ugly,adj.,难看的；丑陋的,[ˈʌɡli]
18,,12.0,weak,adj.,差的，弱的，淡的,[wiːk]
19,,13.0,strong,adj.,强烈的；强（壮）的；强大的,[strɒŋ]
20,,1.0, lazy,adj.,懒惰的,[ˈleɪzi]
21,*,2.0,stupid,adj.,笨的，愚蠢的,[ˈstjuːpɪd]
22,,3.0, hard,adv.,努力地,[hɑːd]
23,,4.0,patient,adj.,耐心的 n. 病人,[ˈpeɪʃnt]
24,,6.0,careful,adj.,小心的，仔细的，谨慎的,[ˈkeəfl]
25,*,7.0,polite,adj.,礼貌的，有教养的,[pəˈlaɪt]
26,,8.0,serious,adj.,严肃的，严重的；认真的,[ˈsɪəriəs]
27,*,9.0,strict,adj.,严格的；严密的,[strɪkt]
28,*,10.0,humorous,adj.,富于幽默的,[ˈhjuːmərəs]
29,,11.0,useful,adj.,有用的；有益的,[ˈjuːsfl]
30,,12.0, friendly,adj.,友好的,[ˈfrendli]
31,,13.0,sweet,adj.,可爱的；亲切的,[swiːt]
32,,14.0, shy,adj.,害羞的,[ʃaɪ]
33,,15.0,active,adj.,积极的；主动的,[ˈæktɪv]
34,,16.0, brave,adj.,勇敢的,[breɪv]
35,,17.0, honest,adj.,诚实的，正直的,[ˈɒnɪst]
36,,18.0,energy,n.,精力，能量,[ˈenədʒi]
37,,19.0,lively,adj.,活泼的；充满生气的,[ˈlaɪvli]
38,,20.0,lovely,adj.,美好的，可爱的,[ˈlʌvli]
39,,21.0,quiet,adj.,安静的；寂静的,[ˈkwaɪət]
40,,22.0,kind,adj.,善良的；友好的,[kaɪnd]
41,,23.0,helpful,adj.,有帮助的；有益的,[ˈhelpfl]
42,,24.0,excellent,adj.,优秀的；极好的,[ˈeksələnt]
43,*,25.0,wise,adj.,聪明的，英明的，有见识的,[waɪz]
44,,26.0,bright,adj.,聪明的；明亮的,[braɪt]
45,,27.0,clever,adj.,聪明的，伶俐的,[ˈklevə(r)]
46,*,28.0,smart,adj.,灵巧的；伶俐的;（人、服装等）时髦的；聪明的,[smɑːt]
47,,29.0,spirit,n.,精神,[ˈspɪrɪt]
48,*,30.0,courage,n.,勇气；胆量,[ˈkʌrɪdʒ]
49,,31.0,silly,adj.,傻的，愚蠢的,[ˈsɪli]
50,*,32.0,cruel,adj.,残忍的，残酷的；无情的,[ˈkruːəl]
51,*,33.0,crazy,adj.,疯狂的,[ˈkreɪzi]
52,,1.0,job,n.,工作,[dʒɒb]
53,,2.0,dream,n.,梦想,[driːm]
54,*,3.0,interview,n.,接见，会见，面试,[ˈɪntəvjuː]
55,*,4.0, task,n.,任务，工作,[tɑːsk]
56,,1.0,government,n.,政府,[ˈɡʌvənmənt]
57,,2.0,board,n.,委员会；（政府的）部,[bɔːd]
58,,3.0,notice,n.,布告，通告；注意,[ˈnəʊtɪs]
59,*,4.0,officer,n.,公务员；官员,[ˈɒfɪsə(r)]
60,,5.0,ruler,n.,统治者,[ˈruːlə(r)]
61,,6.0,leader,n.,领袖，领导人,[ˈliːdə(r)]
62,*,7.0,president,n.,总统；主席,[ˈprezɪdənt]
63,,8.0,king,n.,国王,[kɪŋ]
64,*,9.0,queen,n.,皇后；女王,[kwiːn]
65,*,10.0,secretary,n.,秘书；书记,[ˈsekrətri]
66,,11.0,speaker,n.,演讲人，演说家,[ˈspiːkə(r)]
67,*,12.0,chairman,n.,主席，会长；议长,[ˈtʃeəmən]
68,*,13.0,chairwoman,n.,女主席；女会长；女议长,[ˈtʃeəwʊmən]
69,*,14.0,policy,n.,政策，方针,[ˈpɒləsi]
70,,1.0,education,n.,教育，培养,[ˌedʒuˈkeɪʃn]
71,*,2.0,medical,adj.,医学的，医疗的,[ˈmedɪkl]
72,*,3.0,treatment,n.,治疗，疗法,[ˈtriːtmənt]
73,*,4.0,operation,n.,手术，操作,[ˌɒpəˈreɪʃn]
74,,5.0,medicine,n.,药,[ˈmedsn]
75,*,6.0,doctor,n.,医生；大夫,[ˈdɒktə(r)]
76,,7.0,nurse,n.,护士；保育员,[nɜːs]
77,,8.0,dentist,n.,牙医,[ˈdentɪst]
78,,9.0,patient,n.,病人,[ˈpeɪʃnt]
79,,1.0,countryside,n.,农村；乡下,[ˈkʌntrisaɪd]
80,,2.0,village,n.,村庄；乡村,[ˈvɪlɪdʒ]
81,,3.0,farm,n.,农场；农庄,[fɑːm]
82,,4.0,farmer,n.,农民,[ˈfɑːmə(r)]
83,,5.0,field,n.,田地；牧场；场地,[fiːld]
84,,6.0,business,n.,生意；交易；事业,[ˈbɪznəs]
85,*,7.0,boss,n.,老板；领班,[bɒs]
86,*,8.0,industry,n.,工业，产业,[ˈɪndəstri]
87,,9.0,company,n.,公司,[ˈkʌmpəni]
88,,10.0,shop,n.,商店，车间,[ʃɒp]
89,,11.0,market,n.,市场；集市,[ˈmɑːkɪt]
90,,12.0,supermarket,n.,超级市场,[ˈsuːpəmɑːkɪt]
91,,13.0,factory,n.,工厂,[ˈfæktri]
92,,14.0,set,n.,装备；设备,[set]
93,,15.0,sign,n.,记号；标记；招牌符号,[saɪn]
94,*,16.0,manage,v.,设法对付;管理,[ˈmænɪdʒ]
95,,17.0,produce,v.,生产；制造,"[prəˈdjuːs , ˈprɒdjuːs]"
96,,18.0,instruction,n.,说明；须知；教导,[ɪnˈstrʌkʃn]
97,,19.0,meeting,n.,会；集会；会见；会合点,[ˈmiːtɪŋ]
98,,20.0,work,v.,工作；（机器、器官等）运转；活动,[wɜːk]
99,,21.0,worker,n.,工人；工作者,[ˈwɜːkə(r)]
100,,22.0,manager,n.,经理,[ˈmænɪdʒə(r)]
101,,23.0,robot,n.,机器人,[ˈrəʊbɒt]
102,*,24.0,fisherman,n.,渔民；钓鱼者,[ˈfɪʃəmən]
103,*,25.0,servant,n.,仆人，佣人,[ˈsɜːvənt]
104,,1.0,soldier,n.,士兵；战士,[ˈsəʊldʒə(r)]
105,*,2.0,army,n.,军队,[ˈɑːmi]
106,*,3.0,enemy,n.,敌人；敌军,[ˈenəmi]
107,*,4.0,gun,n.,枪,[ɡʌn]
108,,5.0,police,n.,警察；警务人员,[pəˈliːs]
109,,6.0,policeman ,n.,（男）警察；（男）巡警,[pəˈliːsmən]
110,,7.0,policewoman ,n.,（女）警察；（女）巡警,[pəˈliːswʊmən]
111,*,8.0,guard,n.,保卫；警戒,[ɡɑːd]
112,,9.0,postman,n.,邮递员,[ˈpəʊstmən]
113,,10.0,law,n.,法律，法令、定律,[lɔː]
114,,11.0,right,n.,权利,[raɪt]
115,*,12.0,fair,adj.,公平的；合理的,[feə(r)]
116,,13.0,kill,v.,杀死；弄死,[kɪl]
117,*,14.0,punish,v.,惩罚；处罚,[ˈpʌnɪʃ]
118,,15.0,warn,v.,警告；预先通知,[wɔːn]
119,,16.0,break,v.,打破（断，碎）；损坏；撕开,[breɪk]
120,,17.0,fight,n.&v.,打架（仗）,[faɪt]
121,,18.0,act,n.,法令；条例,[ækt]
122,*,19.0,murder,v.,谋杀,[ˈmɜːdə(r)]
123,*,20.0,prison,n.,监狱,[ˈprɪzn]
124,*,21.0,prisoner,n.,囚犯,[ˈprɪznə(r)]
125,,1.0,director,n.,导演,[dəˈrektə(r)]
126,,2.0,singer,n.,歌手；歌唱家,[ˈsɪŋə(r)]
127,,1.0,family,n.,家庭；家族；子女,[ˈfæməli]
128,*,2.0,couple,n.,夫妻；一对,[ˈkʌpl]
129,,3.0,parent,n.,父（母）亲,[ˈpeərənt]
130,,4.0,grandparent,n.,祖父（母）；外祖父（母）,[ˈɡrænpeərənt]
131,,5.0,grandpa,n.,爷爷；外公,[ˈɡrænpɑː]
132,,6.0,grandma,n.,奶奶；外婆,[ˈɡrænmɑː]
133,*,7.0,grandchild,n.,(外)孙或孙女；孙辈,[ˈɡræntʃaɪld]
134,,8.0,granddaughter,n.,(外)孙女,[ˈɡrændɔːtə(r)]
135,,9.0,father,n.,父亲,[ˈfɑːðə(r)]
136,,10.0,dad,n.,(口语)爸爸；爹爹,[dæd]
137,,11.0,mother,n.,母亲,[ˈmʌðə(r)]
138,,12.0,uncle,n.,叔；伯；舅；姑父；姨父,[ˈʌŋkl]
139,,13.0,aunt,n.,伯母；舅母；婶；姑；姨,[ɑːnt]
140,,14.0,brother,n.,兄；弟,[ˈbrʌðə(r)]
141,,15.0,sister,n.,姐；妹,[ˈsɪstə(r)]
142,,16.0,son,n.,儿子,[sʌn]
143,,17.0,daughter,n.,女儿,[ˈdɔːtə(r)]
144,,18.0,cousin,n.,堂（表）兄弟；堂（表）姐妹,[ˈkʌzn]
145,,19.0,wife,n.,妻子,[waɪf]
146,,20.0,husband,n.,丈夫,[ˈhʌzbənd]
147,,21.0,raise,v.,（饲）养,[reɪz]
148,,23.0,marry,v.,（使）成婚；结婚,[ˈmæri]
149,,24.0,friend,n.,朋友,[frend]
150,,25.0,friendship,n.,友谊，友情,[ˈfrendʃɪp]
151,*,26.0,granny,n.,老奶奶；祖母；外婆,[ˈɡræni]
152,*,27.0,marriage,n.,结婚，婚姻,[ˈmærɪdʒ]
153,,1.0,human,n.,人类,[ˈhjuːmən]
154,,2.0,people,n.,人们；人；人民,[ˈpiːpl]
155,,3.0,person,n.,人,[ˈpɜːsn]
156,,4.0,gentleman,n.,绅士；先生；有身份、有教养的人,[ˈdʒentlmən]
157,*,5.0,stranger,n.,陌生人，外人,[ˈstreɪndʒə(r)]
158,,6.0,hero,n.,英雄；勇士；男主角,[ˈhɪərəʊ]
159,,7.0,pioneer,n.,先锋；开拓者,[ˌpaɪəˈnɪə(r)]
160,,8.0,classmate,n.,同班同学,[ˈklɑːsmeɪt]
161,,9.0,neighbour,n.,邻居；邻人,[ˈneɪbə(r)]
162,,10.0,child,n.,孩子；儿童,[tʃaɪld]
163,,11.0,woman,n.,妇女，女人,[ˈwʊmən]
164,,12.0,man,n.,成年男人；人，人类,[mæn]
165,,13.0,girl,n.,女孩,[ɡɜːl]
166,,14.0,boy,n.,男孩,[bɔɪ]
167,,15.0,kid,n.,小孩,[kɪd]
168,,16.0,baby,n.,婴儿,[ˈbeɪbi]
169,*,17.0,elder,n.,长辈；前辈,[ˈeldə(r)]
170,,18.0,lady,n.,女士，夫人,[ˈleɪdi]
171,,19.0,Miss,n.,小姐；女士（称呼未婚女性）,[mɪs]
172,,20.0,guest,n.,客人；宾客,[ɡest]
173,,21.0,member,n.,成员；会员,[ˈmembə(r)]
174,,22.0,single,adj.,单一的；单个的,[ˈsɪŋɡl]
175,*,23.0,god,n.,神，（大写）上帝,[ɡɒd]
176,,24.0,madam,n.,夫人，女士,[ˈmædəm]
177,,25.0,Mr,n.,先生（用于姓名前）,[ˈmɪstə(r)]
178,,26.0,Mrs,n.,夫人，太太（称呼已婚妇女）,[ˈmɪsɪz]
179,,27.0,Ms,n.,女士（用在婚姻状况不明的女子姓名前）,[ˌem ˈes]
180,,28.0,sir,n.,先生；阁下,[sɜː(r)]
181,,1.0,home,n.,家 adv. 回家;到家,[həʊm]
182,,2.0,hometown,n.,故乡,[ˈhəʊmtaʊn]
183,,3.0,house,n.,房子；住宅,"[haʊs , haʊz]"
184,*,4.0,flat,n.,公寓（常用复数）；楼中一间房间,[flæt]
185,,5.0,address,n.,地址,[əˈdres]
186,,6.0,yard,n.,院子；码；场地,[jɑːd]
187,,7.0,door,n.,门,[dɔː(r)]
188,,8.0,window,n.,窗户；计算机的窗口,[ˈwɪndəʊ]
189,,9.0,glass,n.,玻璃；（复）眼镜；玻璃杯,[ɡlɑːs]
190,,10.0,gate,n.,大门,[ɡeɪt]
191,,11.0,floor,n.,地板；地面；（楼房的）层,[flɔː(r)]
192,,12.0,garden,n.,花园；果园；菜园,[ˈɡɑːdn]
193,*,13.0,stairs,n.,楼梯,[steəz]
194,,14.0,wall,n.,墙,[wɔːl]
195,,15.0,room,n.,房间，室；空间,[ruːm]
196,*,16.0,bathroom,n.,浴室；盥洗室,[ˈbɑːθruːm]
197,,17.0,bedroom,n.,卧室；寝室,[ˈbedruːm]
198,,18.0,kitchen,n.,厨房,[ˈkɪtʃɪn]
199,,19.0,study,n.,书房,[ˈstʌdi]
200,*,20.0,ceiling,n.,天花板；顶棚,[ˈsiːlɪŋ]
201,,21.0,place,n.,地方，处所,[pleɪs]
202,,1.0,town,n.,城镇,[taʊn]
203,,2.0,building,n.,建筑物；大楼，房屋,[ˈbɪldɪŋ]
204,,3.0,road,n.,道路，路,[rəʊd]
205,,4.0,street,n.,街道，街,[striːt]
206,,5.0,corner,n.,角落；角；拐角,[ˈkɔːnə(r)]
207,,6.0,bridge,n.,桥,[brɪdʒ]
208,*,7.0,church,n.,教堂；教会,[tʃɜːtʃ]
209,,8.0,museum,n.,博物馆，博物院,[mjuˈziːəm]
210,*,9.0,gym,n.,体育馆；健身房；体操,[dʒɪm]
211,,10.0,hospital,n.,医院,[ˈhɒspɪtl]
212,,11.0,toilet,n.,厕所,[ˈtɔɪlət]
213,,12.0,hotel,n.,旅馆，饭店，宾馆,[həʊˈtel]
214,,13.0,library,n.,图书馆，图书室,[ˈlaɪbrəri]
215,,14.0,park,n.,公园 v.停放（汽车）,[pɑːk]
216,,15.0,zoo,n.,动物园,[zuː]
217,,16.0,cinema,n.,电影院；电影,[ˈsɪnəmə]
218,,17.0,theatre,n.,剧场；戏院,[ˈθɪətə(r)]
219,,18.0,club,n.,俱乐部,[klʌb]
220,,19.0,restaurant,n.,饭馆；饭店,[ˈrestrɒnt]
221,,20.0,hall,n.,大厅；礼堂,[hɔːl]
222,,21.0,square,n.,广场,[skweə(r)]
223,,22.0,store,n.,商店,[stɔː(r)]
224,*,23.0,tower,n.,塔,[ˈtaʊə(r)]
225,,24.0,palace,n.,宫殿，宫,[ˈpæləs]
226,,1.0,live,v.,生活；居住；活着,"[lɪv , laɪv]"
227,,2.0,life,n.,生活；生命；生涯；人生；生物,[laɪf]
228,,3.0,meal,n.,一餐（饭）,[miːl]
229,,4.0,eat,v.,"(ate, eaten)吃",[iːt]
230,,6.0,order,v.,定购,[ˈɔːdə(r)]
231,,7.0,wake,v.,"（woke, woken）醒来；叫醒，醒",[weɪk]
232,*,8.0,awake,adj.,"醒着的 v. (awoke, awoken)唤醒",[əˈweɪk]
233,,9.0,sleep,v.,"(slept, slept)睡觉 n. 睡觉",[sliːp]
234,,10.0,wear,v.,"（wore, worn）穿；戴",[weə(r)]
235,,11.0,store,v.,存储，储藏,[stɔː(r)]
236,,12.0,repair,v.&n.,修理，修补,[rɪˈpeə(r)]
237,,13.0,fix,v.,修理；安装；确定，决定,[fɪks]
238,,14.0,habit,n.,习惯，习性,[ˈhæbɪt]
239,,15.0,burn,v.,"(-ed, -ed 或 burnt, burnt)燃，烧，着火；使烧焦；使晒黑",[bɜːn]
240,,1.0,handbag,n.,手提袋,[ˈhændbæɡ]
241,,2.0,purse,n.,钱包,[pɜːs]
242,,3.0,lock,v.,锁，锁上 n. 锁,[lɒk]
243,,4.0,key,n.,钥匙,[kiː]
244,,5.0,line,n.,绳索，线，排，行，线路,[laɪn]
245,,6.0,basket,n.,篮子,[ˈbɑːskɪt]
246,,7.0,camera,n.,照相机；摄像机,[ˈkæmərə]
247,,8.0,fire,n.,火；火炉,[ˈfaɪə(r)]
248,,9.0,candle,n.,蜡烛,[ˈkændl]
249,*,10.0,soap,n.,肥皂,[səʊp]
250,,11.0,brush,n.,刷子 v.刷；擦,[brʌʃ]
251,,12.0,watch,n.,手表,[wɒtʃ]
252,,13.0,clock,n.,钟,[klɒk]
253,,14.0,tool,n.,工具,[tuːl]
254,,15.0,card,n.,名片；纸牌；卡片,[kɑːd]
255,,16.0,stamp,n.,邮票,[stæmp]
256,,17.0,diary,n.,日记；日记簿,[ˈdaɪəri]
257,,18.0,doll,n.,玩偶,[dɒl]
258,,19.0,toy,n.,玩具,[tɔɪ]
259,,20.0,umbrella,n.,雨伞,[ʌmˈbrelə]
260,,21.0,match,n.,火柴,[mætʃ]
261,*,22.0,rope,n.,绳子,[rəʊp]
262,,23.0,photo,n.,照片,[ˈfəʊtəʊ]
263,,24.0,safe,n.,保险箱,[seɪf]
264,,25.0,litter,n.,杂物,[ˈlɪtə(r)]
265,,26.0,circle,n.&v.,圆圈;将……圈起来,[ˈsɜːkl]
266,,27.0,cover,n.,盖子；罩,[ˈkʌvə(r)]
267,*,28.0,electric,adj.,电的,[ɪˈlektrɪk]
268,,29.0,glove,n.,手套,[ɡlʌv]
269,*,30.0,thread,n.,线,[θred]
270,*,31.0,toothbrush,n.,牙刷,[ˈtuːθbrʌʃ]
271,*,32.0,toothpaste,n.,牙膏,[ˈtuːθpeɪst]
272,*,33.0,towel,n.,毛巾,[ˈtaʊəl]
273,,1.0,bed,n.,床,[bed]
274,,2.0,chair,n.,椅子,[tʃeə(r)]
275,*,3.0,sofa,n.,（长）沙发,[ˈsəʊfə]
276,,4.0,table,n.,桌子，表格,[ˈteɪbl]
277,,5.0,desk,n.,书桌，写字台,[desk]
278,,6.0,fridge,n.,冰箱,[frɪdʒ]
279,,7.0,record,n.,记录；唱片,"[ˈrekɔːd , rɪˈkɔːd]"
280,*,8.0,recorder,n.,录音机,[rɪˈkɔːdə(r)]
281,,9.0,telephone,n.,电话,[ˈtelɪfəʊn]
282,,10.0,TV,n.,电视,[ˌtiː ˈviː]
283,,11.0,video,n.,录像，视频,[ˈvɪdiəʊ]
284,,12.0,fan,n.,风扇；（电影，运动等）迷；热心的爱好者（支持者）,[fæn]
285,*,13.0,drawer,n.,抽屉,[drɔː(r)]
286,*,14.0,furniture,n.,（总称）家具,[ˈfɜːnɪtʃə(r)]
287,*,15.0,iron,n.,铁，熨斗；v.熨烫,[ˈaɪən]
288,*,16.0,mirror,n.,镜子,[ˈmɪrə(r)]
289,,1.0,action,n.,行动,[ˈækʃn]
290,,2.0,let,v.,让,[let]
291,,3.0,do,v.,做，干（用以构成疑问句及否定句，第三人称单数现在时用,"[duː , də , dəʊ]"
292,,4.0,use,v.,利用，使用,"[juːz , juːs]"
293,,5.0,blow,v.,吹；刮风；吹气,[bləʊ]
294,*,6.0,nod,v.,点头,[nɒd]
295,*,7.0,shake,v.,（使）动摇，震动,[ʃeɪk]
296,,8.0,see,v.,看到，看见；领会；拜见,[siː]
297,,9.0,look,v.,看，观看,[lʊk]
298,,10.0,watch,v.,观看，注视；当心；注意,[wɒtʃ]
299,,11.0,notice,v.,注意到，注意,[ˈnəʊtɪs]
300,,12.0,guess,v.,猜,[ɡes]
301,,13.0,suppose,v.,猜想，假定，料想,[səˈpəʊz]
302,,14.0,listen,v.,听，仔细听,[ˈlɪsn]
303,,15.0,hear,v.,听见；听说，得知,[hɪə(r)]
304,,16.0,feel,v.,感觉；觉得；摸起来，摸，触,[fiːl]
305,,17.0,sound,v.,发出声音;听起来 n. 声音,[saʊnd]
306,,18.0,read,v.,读；朗读,"[riːd , red]"
307,,19.0,shout,v.,喊，高声呼喊,[ʃaʊt]
308,,20.0,chat,v.&n.,聊天；闲聊,[tʃæt]
309,,21.0,taste,v.,品尝，尝味,[teɪst]
310,,22.0,smell,v.,闻到，嗅；发出气味,[smel]
311,,23.0,kiss,v.,吻，接吻,[kɪs]
312,,24.0,pull,v.,拉，拖,[pʊl]
313,,25.0,push,v.,拉，拖，拔，推,[pʊʃ]
314,,26.0,rush,v.,冲；奔，跑,[rʌʃ]
315,*,27.0,touch,v.,接触，触摸,[tʌtʃ]
316,,28.0,wave,v.,波动；起伏；挥手示意,[weɪv]
317,,29.0,lift,v.,举起，抬起,[lɪft]
318,,30.0,open,v.,开，打开,[ˈəʊpən]
319,,31.0,close,v.,关，关闭,"[kləʊz , kləʊs]"
320,,32.0,give,v.,给；递给；付出；给予,[ɡɪv]
321,,33.0,take,v.,拿；拿走；做；服用；乘坐；花费,[teɪk]
322,,34.0,knock,v.,敲，打，击,[nɒk]
323,,35.0,hit,v.,打，击中，撞,[hɪt]
324,,36.0,catch,v.,捉住；接住；赶上；染上（疾病）,[kætʃ]
325,,37.0,hold,v.,握住；拿；抱；举行；进行,[həʊld]
326,,38.0,dig,v.,挖（洞、沟等）；掘,[dɪɡ]
327,,39.0,write,v.,写，书写；写作，著述,[raɪt]
328,,40.0,draw,v.,绘画；绘制，拉，拖；提取（金钱）,[drɔː]
329,*,41.0,paint,v.,涂色于 n. 颜料,[peɪnt]
330,*,42.0,print,v.,印刷,[prɪnt]
331,,43.0,pick,v.,拾起;采集；挑选,[pɪk]
332,*,44.0,steal,v.,偷，窃取,[stiːl]
333,,45.0,put,v.,放，摆,[pʊt]
334,,46.0,fill,v.,装满；填空,[fɪl]
335,,47.0,cut,v.,切，剪，削，割,[kʌt]
336,,48.0,throw,v.,扔，投，掷,[θrəʊ]
337,,49.0,make,v.,制造，做；使得,[meɪk]
338,,50.0,hang,v.,处（人）绞刑；上吊；悬挂，吊着；把……吊起,[hæŋ]
339,,51.0,hide,v.,隐藏，把……藏起来,[haɪd]
340,,52.0,stand,v.,站；立；起立；坐落；经受；持久,[stænd]
341,,53.0,shut,v.,关上；封闭；禁闭,[ʃʌt]
342,*,54.0,separate,v.,使分开，使分离 adj. 分开的，单独的,"[ˈseprət , ˈsepəreɪt]"
343,,55.0,lay,v.,放，搁；产卵下蛋,[leɪ]
344,,56.0,divide,v.,划分，分,[dɪˈvaɪd]
345,*,57.0,direct,v.,指导；监督；管理；指挥（演奏）；导演（电影） adj. 直,[dəˈrekt]
346,*,58.0,control,v.,控制,[kənˈtrəʊl]
347,*,59.0,prepare,v.,准备，预备；调制；配制,[prɪˈpeə(r)]
348,*,60.0,consider,v.,考虑；认为,[kənˈsɪdə(r)]
349,,61.0,collect,v.,收集，搜集,[kəˈlekt]
350,*,62.0,compare,v.,比较，对照,[kəmˈpeə(r)]
351,*,63.0,complete,v.,完成，结束,[kəmˈpliːt]
352,,64.0,know,v.,知道;了解；认识；懂得,[nəʊ]
353,*,65.0,cancel,v.,取消,[ˈkænsl]
354,,66.0,build,v.,建筑；造,[bɪld]
355,,67.0,follow,v.,跟随；仿效；跟得上,[ˈfɒləʊ]
356,,68.0,rest,v.,休息，歇息,[rest]
357,*,69.0,force,v.,强迫，迫使,[fɔːs]
358,,70.0,get,v.,得到；到达；成为；具有,[ɡet]
359,,71.0,hurry,v.,赶快；急忙,[ˈhʌri]
360,,72.0,become,v.,成为；变得,[bɪˈkʌm]
361,,73.0,happen,v.,（偶然）发生,[ˈhæpən]
362,*,74.0,behaviour,n.,行为，举止,[bɪˈheɪvjə(r)]
363,*,75.0,clap,v.,拍手；鼓掌,[klæp]
364,,76.0,connect,v.,连接，把……联系起来,[kəˈnekt]
365,,77.0,describe,v.,描写;叙述,[dɪˈskraɪb]
366,*,78.0,dismiss,v.,让……离开；解雇,[dɪsˈmɪs]
367,*,79.0,disturb,v.,扰乱；打扰,[dɪˈstɜːb]
368,,80.0,enter,v.,进入,[ˈentə(r)]
369,,81.0,grow,v.,"(grew, grown)生长；发育；种植；变成",[ɡrəʊ]
370,,82.0,leave,v.,"(left, left)离开；把……留下，剩下",[liːv]
371,*,83.0,master,v.,精通，掌握,[ˈmɑːstə(r)]
372,*,84.0,prove,v.,证明,[pruːv]
373,*,85.0, regard,v.,把……看作,[rɪˈɡɑːd]
374,,1.0,advantage,n.,优点；好处,[ədˈvɑːntɪdʒ]
375,,2.0,difficult,adj.,难的；艰难的；不易相处的,[ˈdɪfɪkəlt]
376,,3.0,difficulty,n.,困难；费力,[ˈdɪfɪkəlti]
377,,4.0,important,adj.,重要的,[ɪmˈpɔːtnt]
378,,5.0,main,adj.,主要的,[meɪn]
379,*,6.0,avoid,v.,避免，躲开，逃避,[əˈvɔɪd]
380,,7.0,try,v.,试，试图，努力,[traɪ]
381,*,8.0,achieve,v.,达到，取得,[əˈtʃiːv]
382,,9.0,example,n.,例子；榜样,[ɪɡˈzɑːmpl]
383,,10.0,fail,v.,失败,[feɪl]
384,,11.0,succeed,v.,成功,[səkˈsiːd]
385,,12.0,success,n.,成功,[səkˈses]
386,,13.0,successful,adj.,成功的，有成就的,[səkˈsesfl]
387,,14.0,reach,v.,到达，伸手（脚等）够到,[riːtʃ]
388,,15.0,realise ,v.,认识到；实现,[ˈrɪəlaɪz]
389,,16.0,spare,adj.,多余的，剩余的,[speə(r)]
390,,17.0,part,n.,部分,[pɑːt]
391,*,18.0,gesture,n.,姿势；手势,[ˈdʒestʃə(r)]
392,*,19.0,intention,n.,意图，目的,[ɪnˈtenʃn]
393,,1.0,believe,v.,相信，认为,[bɪˈliːv]
394,,2.0,trust,v.,相信，信任，信赖,[trʌst]
395,,3.0,wonder,v.,对……疑惑，感到惊奇；想知道（＝want to know）,[ˈwʌndə(r)]
396,,4.0,sure,adj.,确信，肯定,[ʃʊə(r)]
397,*,5.0,doubt,v.,怀疑，疑惑,[daʊt]
398,,6.0,maybe,adv.,可能，大概，也许,[ˈmeɪbi]
399,,7.0,may,v.,（ modal ）可以；也许，可能,[meɪ]
400,*,8.0,might,v.,(may 的过去式)可能，也许，或许,[maɪt]
401,,9.0,must,v.,（ modal ）必定是；必须，应当,"[mʌst , məst]"
402,,10.0,possible,adj.,可能的,[ˈpɒsəbl]
403,,11.0,impossible,adj.,不可能的,[ɪmˈpɒsəbl]
404,,12.0,perhaps,adv.,可能，或许,[pəˈhæps]
405,,13.0,probably,adv.,很可能，大概,[ˈprɒbəbli]
406,,14.0,certain,adj.,（未指明真实名称的）某……；确实的，无疑的；一定,[ˈsɜːtn]
407,,15.0,chance,n.,机会，可能性,[tʃɑːns]
408,,16.0,can,v.,（ modal ）可能；能够；可以；不能,"[kæn , kən]"
409,,17.0,able,adj.,能够；有能力的,[ˈeɪbl]
410,,18.0,life,n.,生命；生涯；生活；人生；生物,[laɪf]
411,,19.0,save,v.,救，挽救；节省,[seɪv]
412,,20.0,safe,adj.,安全的,[seɪf]
413,*,22.0,risk,v.,冒险，风险,[rɪsk]
414,,23.0,danger,n.,危险,[ˈdeɪndʒə(r)]
415,,24.0,dangerous,adj.,危险的,[ˈdeɪndʒərəs]
416,,25.0,protect,v.,保护,[prəˈtekt]
417,*,26.0,prevent,v.,防止，预防,[prɪˈvent]
418,,27.0,avoid,v.,避免，躲开，逃避,[əˈvɔɪd]
419,*,28.0,ability,n.,能力；才能,[əˈbɪləti]
420,,29.0,alive,adj.,活着的，存在的,[əˈlaɪv]
421,,1.0,agree,v.,同意；应允,[əˈɡriː]
422,*,2.0,agreement,n.,同意，一致；协定；协议,[əˈɡriːmənt]
423,,3.0,accept,v.,接受,[əkˈsept]
424,,4.0,allow,v.,允许，准许,[əˈlaʊ]
425,,5.0,OK,adv.,(口语)好，对，不错,[əʊˈkeɪ]
426,,6.0,refuse,v.,拒绝，不愿,"[rɪˈfjuːz , ˈrefjuːs]"
427,,7.0,receive,v.,收到，得到,[rɪˈsiːv]
428,,8.0,against,prep.,对着；反对；靠着，倚着,[əˈɡenst]
429,,1.0,except,prep.,除……之外,[ɪkˈsept]
430,,2.0,include,v.,包含，包括,[ɪnˈkluːd]
431,,3.0,but,conj.,但是，可是,"[bət , bʌt]"
432,,4.0,besides,prep.,除了……（还有）,[bɪˈsaɪdz]
433,,5.0,with,prep.,有；和；用；以；关于；带有,[wɪð]
434,,6.0,without,prep.,没有,[wɪˈðaʊt]
435,,1.0,general,adj.,大体上的，笼统的，总的,[ˈdʒenrəl]
436,,2.0,normal,adj.&n.,正常的；正常,[ˈnɔːml]
437,,3.0,usual,adj.,平常的，通常的,[ˈjuːʒuəl]
438,,4.0,special,adj.,特别的，专门的,[ˈspeʃl]
439,*,5.0,common,adj.,普遍的，一般的；共有的,[ˈkɒmən]
440,*,1.0,add,v.,添加，增加,[æd]
441,,2.0,increase,v.&n.,增加，繁殖 n. 增加，增大，增长,"[ɪnˈkriːs , ˈɪŋkriːs]"
442,,3.0,improve,v.,改进，更新,[ɪmˈpruːv]
443,,4.0,progress,n.,进步，上进,"[ˈprəʊɡres , prəˈɡres]"
444,,5.0,rise,v.,上升，上涨,[raɪz]
445,,6.0,develop,v.,(使)发展；（使）发达；（使）发育；开发；冲洗（照片）,[dɪˈveləp]
446,*,7.0,development,n.,发展，发达，发育，开发,[dɪˈveləpmənt]
447,,8.0,grow,v.,生长；发育；种植；变成,[ɡrəʊ]
448,,9.0,fall,v.,落（下）；降落，倒,[fɔːl]
449,,10.0,drop,v.,掉下，落下；投递；,[drɒp]
450,,1.0,wait,v.,等候，等,[weɪt]
451,*,2.0,continue,v.,继续,[kənˈtɪnjuː]
452,,1.0,never,adv.,决不，从来没有,[ˈnevə(r)]
453,,2.0,hardly,adv.,几乎不,[ˈhɑːdli]
454,,3.0,sometimes,adv.,有时＝at times,[ˈsʌmtaɪmz]
455,,4.0,often,adv.,常常；经常,[ˈɒfn]
456,,5.0,usually,adv.,通常,[ˈjuːʒuəli]
457,,6.0,always,adv.,总是；一直；永远,[ˈɔːlweɪz]
458,,7.0,once,adv.,一次，一度，从前,[wʌns]
459,,8.0,twice,adv.,两次；两倍,[twaɪs]
460,*,9.0,daily,adj.,每日的；日常的,[ˈdeɪli]
461,,10.0,every,adj.,每一，每个的,[ˈevri]
462,,11.0,again,adv.,再一次；再，又,[əˈɡen]
463,,1.0,memory,n.,回忆，记忆,[ˈmeməri]
464,,2.0,remember,v.,记得，想起,[rɪˈmembə(r)]
465,,3.0,forget,v.,忘记；忘掉,[fəˈɡet]
466,,4.0,think,v.,想起,[θɪŋk]
467,,1.0,great,adj.,伟大的；重要的；好极了,[ɡreɪt]
468,*,2.0,perfect,adj.,完美的，极好的,"[ˈpɜːfɪkt , pəˈfekt]"
469,,3.0,interesting,adj.,有趣的,[ˈɪntrəstɪŋ]
470,,4.0,easy,adj.,容易的，不费力的,[ˈiːzi]
471,,5.0,wonderful,adj.,美妙的；精彩的；了不起的；太好了,[ˈwʌndəfl]
472,,6.0,pleasant,adj.,令人愉快的，舒适的,[ˈpleznt]
473,,7.0,kind,n.,种；类 adj. 善良的；友好的,[kaɪnd]
474,,8.0,fun,n.,有趣的事；娱乐，玩笑,[fʌn]
475,,9.0,funny,adj.,有趣的，滑稽可笑的,[ˈfʌni]
476,,10.0,warm,adj.,热情的,[wɔːm]
477,*,11.0,magic,adj.,有魔力的,[ˈmædʒɪk]
478,,12.0,fantastic,adj.,奇特的；（口语）极好的，美妙的，很棒的,[fænˈtæstɪk]
479,,13.0,welcome,adj.,受欢迎的,[ˈwelkəm]
480,,14.0,famous,adj.,著名的,[ˈfeɪməs]
481,,15.0,comfortable,adj.,舒服的；安逸的；舒服自在的,[ˈkʌmftəbl]
482,,16.0,terrible,adj.,可怕的；糟糕的,[ˈterəbl]
483,,17.0,boring,adj.,乏味的，无聊的,[ˈbɔːrɪŋ]
484,,18.0,free,adj.,空闲的，自由的；免费的,[friː]
485,,19.0,busy,adj.,忙（碌）的,[ˈbɪzi]
486,,20.0,silent,adj.,无声的，沉默的,[ˈsaɪlənt]
487,*,21.0,silence,n.,沉默,[ˈsaɪləns]
488,*,22.0,ancient,adj.,古代的；古老的,[ˈeɪnʃənt]
489,,23.0,right,adj.,对的，正确的；右，右边的,[raɪt]
490,,24.0,wrong,adj.,错误的，不正常的，有毛病的,[rɒŋ]
491,,25.0,exact,adj.,精确的；确切的,[ɪɡˈzækt]
492,*,26.0,influence,n.,影响，感化，势力,[ˈɪnfluəns]
493,,1.0,have,v.,有；吃；喝；进行；经受,"[hæv , həv]"
494,,2.0,own,adj.,自己的 v. 拥有，所有,[əʊn]
495,,3.0,owner,n.,物主，所有人,[ˈəʊnə(r)]
496,,4.0,appear,v.,出现,[əˈpɪə(r)]
497,*,5.0,remain,v.,保持，仍是；余下，留下,[rɪˈmeɪn]
498,,1.0,necessary,adj.,必要的,[ˈnesəsəri]
499,,2.0,need,n.,需要，需求…… v. 需要，必需,[niːd]
500,*,3.0,require,v.,需求，要求,[rɪˈkwaɪə(r)]
501,*,4.0,supply,n.,供给，供应,[səˈplaɪ]
502,,1.0,instead,adv.,代替，顶替,[ɪnˈsted]
503,,2.0,change,v.,改变，变化；更换；兑换,[tʃeɪndʒ]
504,,1.0,sweep,v.,扫，扫除,[swiːp]
505,,2.0,housework,n.,家务劳动,[ˈhaʊswɜːk]
506,,3.0,clean,v.,弄干净；擦干净,[kliːn]
507,,4.0,wash,v.,洗（涤）；冲洗，流过；弄湿,[wɒʃ]
508,,5.0,water,n.,水,[ˈwɔːtə(r)]
509,,6.0,light,v.,"点燃,点（火）",[laɪt]
510,,7.0,tidy,adj.,整洁的，干净的,[ˈtaɪdi]
511,,8.0,duty,n.,责任，义务,[ˈdjuːti]
512,*,9.0,labour ,n.,劳动,[ˈleɪbə(r)]
513,,1.0,school,n.,学校,[skuːl]
514,,2.0,college,n.,学院；专科学校,[ˈkɒlɪdʒ]
515,,3.0,university,n.,大学,[ˌjuːnɪˈvɜːsəti]
516,,4.0,classroom,n.,教室,[ˈklɑːsruːm]
517,,5.0,grade,n.,年级；成绩，分数；（中小学的）学年,[ɡreɪd]
518,,6.0,class,n.,（学校里的）班；课,[klɑːs]
519,,7.0,blackboard,n.,黑板,[ˈblækbɔːd]
520,,8.0,lab,n.,实验室,[læb]
521,,9.0,office,n.,办公室,[ˈɒfɪs]
522,,10.0,playground,n.,操场，运动场,[ˈpleɪɡraʊnd]
523,,11.0,seat,n.,座位，座,[siːt]
524,,12.0,bell,n.,铃；钟,[bel]
525,,13.0,chalk,n.,粉笔,[tʃɔːk]
526,,14.0,flag,n.,旗；标志,[flæɡ]
527,,1.0,teacher,n.,教师，教员,[ˈtiːtʃə(r)]
528,,2.0,student,n.,学生,[ˈstjuːdnt]
529,,3.0,classmate,n.,同班同学,[ˈklɑːsmeɪt]
530,,4.0,monitor,n.,（班级内的）班长；纠察生；监视器,[ˈmɒnɪtə(r)]
531,,5.0,pupil,n.,（小）学生,[ˈpjuːpl]
532,,1.0,rule,n.&v.,规则，规定；统治,[ruːl]
533,,2.0,lecture,n.,讲课；演讲,[ˈlektʃə(r)]
534,,1.0,bag,n.,书包；提包；袋子,[bæɡ]
535,,2.0,schoolbag,n.,书包,[ˈskuːlˌbæg]
536,,3.0,pen,n.,钢笔，笔,[pen]
537,,4.0,pencil,n.,铅笔,[ˈpensl]
538,*,5.0,crayon,n.,蜡笔；蜡笔画,[ˈkreɪən]
539,,6.0,eraser,n.,橡皮擦,[ɪˈreɪzə(r)]
540,*,7.0,rubber,n.,橡胶；合成橡胶,[ˈrʌbə(r)]
541,,8.0,book,n.,书；本子,[bʊk]
542,,9.0,page,n.,页，页码,[peɪdʒ]
543,,10.0,ink,n.,墨水，油墨,[ɪŋk]
544,,11.0,map,n.,地图,[mæp]
545,,12.0,note,n.&v.,便条，笔记；注释;钞票，纸币；音符，音调；记下，,[nəʊt]
546,*,13.0,notebook,n.,笔记薄,[ˈnəʊtbʊk]
547,,14.0,dictionary,n.,字典，词典,[ˈdɪkʃənri]
548,,15.0,paper,n.,纸，报纸,[ˈpeɪpə(r)]
549,,16.0,picture,n.,图片，照片，画片,[ˈpɪktʃə(r)]
550,,17.0,kite,n.,风筝,[kaɪt]
551,,1.0,article,n.,文章；东西，物品；冠词,[ˈɑːtɪkl]
552,,2.0,art,n.,艺术，美术；技艺,[ɑːt]
553,,3.0,play,n.&v.,戏剧，玩耍,[pleɪ]
554,*,4.0,poem,n.,诗,[ˈpəʊɪm]
555,,5.0,story,n.,故事，小说,[ˈstɔːri]
556,,6.0,text,n.,文本，课文,[tekst]
557,,7.0,news,n.,新闻，消息,[njuːz]
558,,8.0,newspaper,n.,报纸,[ˈnjuːzpeɪpə(r)]
559,,9.0, magazine,n.,杂志,[ˌmæɡəˈziːn]
560,*,10.0,passage,n.,（文章等的）一节，一段；通道；走廊,[ˈpæsɪdʒ]
561,,11.0,form,n.,表格；形式；结构,[fɔːm]
562,,12.0,joke,n.,笑话,[dʒəʊk]
563,,13.0,daily,n.&adj.,日报；每日的；日常的,[ˈdeɪli]
564,,14.0,copy,n.,抄本，副本；一本（份册……）,[ˈkɒpi]
565,*,15.0,symbol,n.,符号，记号，象征,[ˈsɪmbl]
566,*,16.0,tale,n.,故事，传说,[teɪl]
567,,1.0,subject,n.,学科；题目；主题；主语；主体,"[ˈsʌbdʒɪkt , səbˈdʒekt]"
568,,2.0,English,n.,英语,[ˈɪŋɡlɪʃ]
569,,3.0,Chinese,n.,中文,[ˌtʃaɪˈniːz]
570,,4.0,maths ,n.,（通常用作单数）数学,[mæθs]
571,,5.0,science,n.,科学，自然科学,[ˈsaɪəns]
572,,6.0,art,n.,美术，艺术；技艺,[ɑːt]
573,,7.0,music,n.,音乐，乐曲,[ˈmjuːzɪk]
574,,8.0,PE,n.,体育,[ˌpiː ˈiː]
575,,9.0,history,n.,历史，历史学,[ˈhɪstri]
576,,10.0,geography,n.,地理学,[dʒiˈɒɡrəfi]
577,,11.0,physics,n.,物理（学）,[ˈfɪzɪks]
578,,12.0,chemistry,n.,化学,[ˈkemɪstri]
579,*,13.0,primary,adj.,初级的；初等的,[ˈpraɪməri]
580,,14.0,middle,n.,中间；当中；中级,[ˈmɪdl]
581,,1.0,like,v.,喜欢，喜爱,[laɪk]
582,,2.0,enjoy,v.,欣赏；享受……之乐趣；喜欢,[ɪnˈdʒɔɪ]
583,,3.0,love,n.,爱；爱情 v. 热爱；很喜欢,[lʌv]
584,*,4.0,satisfy,v.,使满意，满足,[ˈsætɪsfaɪ]
585,,5.0,favourite ,adj.,喜爱的（＝like...best） n. 特别喜爱的人,[ˈfeɪvərɪt]
586,,6.0,care,v.,关心；在乎；介意……,[keə(r)]
587,,7.0,dear,adj.,亲爱的；贵的,[dɪə(r)]
588,,8.0,hate,v.&n.,恨，讨厌；憎恶，憎恨,[heɪt]
589,,9.0,hobby,n.,业余爱好，嗜好,[ˈhɒbi]
590,,10.0,interest,n.,兴趣，趣味；利息,[ˈɪntrəst]
591,,11.0,good,adj.,好的；良好的,[ɡʊd]
592,,12.0,well,adv.,好地，令人满意地；完全地,[wel]
593,,13.0,bad,adj.,坏的；有害的，不利的；严重的,[bæd]
594,,1.0,activity,n.,活动,[ækˈtɪvəti]
595,*,2.0,camp,n.,（夏令）营 v.野营；宿营,[kæmp]
596,,3.0,walk,n.&v.,步行；散步,[wɔːk]
597,,4.0,climb,v.,爬，攀登,[klaɪm]
598,,5.0,picnic,n.&v.,野餐；去野餐,[ˈpɪknɪk]
599,,6.0,special,adj.,特别的，专门的,[ˈspeʃl]
600,*,1.0,sense,n.,感觉，意识,[sens]
601,,2.0,hope,n.&v.,希望,[həʊp]
602,,3.0,wish,n.,愿望，祝愿 v. 希望，想要，祝愿,[wɪʃ]
603,,5.0,dream,n.,梦；梦想 v. 做梦,[driːm]
604,,6.0,luck,n.,运气，好运,[lʌk]
605,,7.0,lucky,adj.,运气好的，侥幸的,[ˈlʌki]
606,,8.0,please,v.,请；使人喜欢，使人满意,[pliːz]
607,,9.0,imagine,v.,想象，设想,[ɪˈmædʒɪn]
608,*,10.0,effort,n.,努力，艰难的尝试,[ˈefət]
609,,1.0,sad,adj.,（使人）悲伤的,[sæd]
610,,2.0,cry,n.,叫喊；哭声 v. 喊叫；哭,[kraɪ]
612,*,4.0,sleepy,adj.,困倦的，想睡的，瞌睡的,[ˈsliːpi]
613,,5.0,tired,adj.,累的，疲劳的,[ˈtaɪəd]
614,,6.0,worry,n.,烦恼，忧虑，苦恼 v. （使）烦恼，（使）焦虑，（使）苦恼，,[ˈwʌri]
615,,7.0,trouble,v.,使苦恼，使忧虑，使麻烦 n.烦恼，麻烦，问题，疾病,[ˈtrʌbl]
616,,8.0,nervous,adj.,紧张不安的,[ˈnɜːvəs]
617,,9.0,pity,n.,怜悯，同情,[ˈpɪti]
618,*,10.0,regret,v.,可惜，遗憾；痛惜；哀悼,[rɪˈɡret]
619,,11.0,fear,n.,害怕；恐怖；担忧,[fɪə(r)]
620,*,12.0,afraid,adj.,害怕的；担心的,[əˈfreɪd]
621,,13.0,strange,adj.,奇怪的，奇特的；陌生的,[streɪndʒ]
622,,14.0,angry,adj.,生气的，愤怒的,[ˈæŋɡri]
623,*,15.0,shame,n.,遗憾的事；羞愧,[ʃeɪm]
624,*,16.0,mad,adj.,生气的；发疯的,[mæd]
625,,17.0,alone,adj.,单独的，独自的,[əˈləʊn]
626,,18.0,lonely,adj.,孤独的，寂寞的,[ˈləʊnli]
627,,19.0,express,v.,表达；表示；表情,[ɪkˈspres]
628,,20.0,feeling,n.,感情，感觉,[ˈfiːlɪŋ]
629,*,21.0,crazy,adj.,疯狂的,[ˈkreɪzi]
630,,22.0,asleep,adj.,睡着的，熟睡的,[əˈsliːp]
631,,1.0,glad,adj.,高兴的；乐意的,[ɡlæd]
632,,2.0,nice,adj.,令人愉快的；好的，漂亮的,[naɪs]
633,,3.0,pleased,adj.,高兴的,[pliːzd]
634,,4.0,pleasure,n.,高兴，愉快,[ˈpleʒə(r)]
635,*,5.0,cheer,v.,欢呼；喝彩,[tʃɪə(r)]
636,,6.0,pride,n.,自豪，骄傲,[praɪd]
637,,7.0,proud,adj.,自豪的；骄傲的,[praʊd]
638,,8.0,laugh,n.&v.,笑，笑声；笑，大笑；嘲笑,[lɑːf]
639,,9.0,smile,n.&v.,微笑,[smaɪl]
640,*,10.0,joy,n.,欢乐，高兴，乐趣,[dʒɔɪ]
641,,1.0,meet,v.,遇见，见到,[miːt]
642,,2.0,party,n.,晚会，聚会；党派,[ˈpɑːti]
643,,3.0,miss,v.,失去，错过，缺；想念,[mɪs]
644,,4.0,connect,v.,连接，把……联系起来,[kəˈnekt]
645,,5.0,communicate,v.,交际；传达（感情、信息等）,[kəˈmjuːnɪkeɪt]
646,*,6.0,communication,n.,交流；交往；通信,[kəˌmjuːnɪˈkeɪʃn]
647,,7.0,together,adv.,一起，共同,[təˈɡeðə(r)]
648,,8.0,conversation,n.,谈话，交谈,[ˌkɒnvəˈseɪʃn]
649,,9.0,discuss,v.,讨论，议论,[dɪˈskʌs]
650,,10.0,discussion,n.,讨论，辩论,[dɪˈskʌʃn]
651,*,11.0,praise,v.,赞扬，表扬,[preɪz]
652,,13.0,introduce,v.,介绍；引荐,[ˌɪntrəˈdjuːs]
653,*,14.0,introduction,n.,介绍；引进,[ˌɪntrəˈdʌkʃn]
654,,15.0,postcard,n.,明信片,[ˈpəʊstkɑːd]
655,,16.0,attend,v.,参加,[əˈtend]
657,,18.0,thank,v.,感谢，致谢，道谢 n. （复）感谢，谢意,[θæŋk]
658,,19.0,sorry,adj.,对不起的，抱歉的；难过的,[ˈsɒri]
659,,20.0,pardon,n.&v.,原谅，宽恕,[ˈpɑːdn]
660,,21.0,excuse,n.,借口；辩解 v. 原谅；宽恕,"[ɪkˈskjuːs , ɪkˈskjuːz]"
661,,22.0,mind,v.,介意，关心,[maɪnd]
662,,23.0,invite,v.,邀请，招待,"[ɪnˈvaɪt , ˈɪnvaɪt]"
663,,24.0,ask,v.,问，询问；请求，要求；邀请,[ɑːsk]
664,,25.0,share,v.,分享，共有，共用,[ʃeə(r)]
665,*,26.0,greeting,n.,祝贺,[ˈɡriːtɪŋ]
666,,27.0,secret,n.,秘密，内情,[ˈsiːkrət]
667,,28.0,ability,n.,能力；才能,[əˈbɪləti]
668,*,29.0,absent,adj.,缺席，不在,"[ˈæbsənt , æbˈsent]"
670,*,32.0,cheat,n.&v.,骗取，哄骗；作弊,[tʃiːt]
671,,33.0,dialogue,n.,对话,[ˈdaɪəlɒɡ]
672,,34.0,sorry,adj.,对不起；抱歉的；难过的,[ˈsɒri]
673,,1.0,idea,n.,主意，意见；打算，想法,[aɪˈdɪə]
674,,2.0,thought,n.,思考，思想；念头,[θɔːt]
675,,3.0,comment,n.,意见；评论,[ˈkɒment]
676,*,4.0,purpose,n.,目的；意图,[ˈpɜːpəs]
677,,5.0,advice,n.,忠告，建议，劝告,[ədˈvaɪs]
678,*,6.0,advise,v.,忠告，建议，劝告,[ədˈvaɪz]
679,,7.0,opinion,n.,意见；看法；主张,[əˈpɪnjən]
680,,8.0,against,prep.,反对；对着；靠着；倚着,[əˈɡenst]
681,*,9.0,traditional,adj.,传统的，惯例的,[trəˈdɪʃənl]
682,,10.0,personal,adj.,私人的,[ˈpɜːsənl]
683,*,11.0,private,adj.,私人的；秘密的,[ˈpraɪvət]
684,,12.0,believe,v.,相信，认为,[bɪˈliːv]
685,,13.0,wonder,v.,想知道，对……疑惑，感到惊奇,[ˈwʌndə(r)]
686,*,14.0,conference,n.,（正式的）会议；讨论,[ˈkɒnfərəns]
687,*,15.0,insist,v.,坚持；坚决认为,[ɪnˈsɪst]
688,*,16.0,suggestion,n.,建议,[səˈdʒestʃən]
689,,17.0,suggest,v.,建议，提议,[səˈdʒest]
690,,1.0,say,v.,说，讲,[seɪ]
691,,2.0,talk,n.&v.,谈话，讲话，演讲；交谈,[tɔːk]
692,,3.0,speak,v.,说，讲；谈话；发言,[spiːk]
693,,4.0,tell,v.,告诉；讲述；吩咐,[tel]
694,,5.0,voice,n.,说话声；语态,[vɔɪs]
695,,6.0,reason,n.,理由，原因,[ˈriːzn]
696,*,7.0,promise,v.,答应，允诺,[ˈprɒmɪs]
697,,8.0,explain,v.,解释，说明,[ɪkˈspleɪn]
698,*,9.0,mention,v.,提到，说起；提名表扬,[ˈmenʃn]
699,,10.0,mean,v.,意思是，意指,[miːn]
700,,11.0,lie,n.,谎言,[laɪ]
701,,1.0,help,n.&v.,帮助，帮忙,[help]
702,*,3.0,available,adj.,可用到的，可利用的,[əˈveɪləbl]
703,,1.0,find,v.,找到；发现；感到,[faɪnd]
704,,5.0,discover,v.,发现,[dɪˈskʌvə(r)]
705,*,6.0,discovery,n.,发现,[dɪˈskʌvəri]
706,,7.0,invent,v.,发明，创造,[ɪnˈvent]
707,,8.0,invention,n.,发明，创造,[ɪnˈvenʃn]
708,,9.0,create,v.,创造；造成,[kriˈeɪt]
709,,1.0,borrow,v.,（向别人）借用；借,[ˈbɒrəʊ]
710,,2.0,lend,v.,借（出），把……借给,[lend]
711,,3.0,keep,v.,保持；保存，继续不断；培育，饲养,[kiːp]
712,,1.0,bring,v.,拿来，带来，取来,[brɪŋ]
713,,2.0,take,v.,拿；拿走；做；服用；乘坐；花费,[teɪk]
714,,3.0,fetch,v.,（去）取（物）来，（去）带（人）来,[fetʃ]
715,,4.0,carry,v.,拿，搬，带，提，抬，背，抱，运等,[ˈkæri]
716,,5.0,show,n.,"表演；展览 v. （showed, shown/showed）给……看；出",[ʃəʊ]
717,,1.0,want,v.,想，想要；需要（＝would like）,[wɒnt]
718,,2.0,plan,n.&v.,计划，打算,[plæn]
719,,3.0,decide,v.,决定；下决心,[dɪˈsaɪd]
720,,4.0,decision,n.,决定；决心,[dɪˈsɪʒn]
721,,5.0,depend,v.,依靠，依赖，指望；取决于,[dɪˈpend]
722,,1.0,festival,n.,节日的，喜庆的,[ˈfestɪvl]
723,,2.0,traditional,adj.,传统的，惯例的,[trəˈdɪʃənl]
724,,3.0,spend,v.,度过；花费（钱，时间等）,[spend]
725,,4.0,sight,n.,情景，风景；视力,[saɪt]
726,,5.0,holiday,n.,假日；假期,[ˈhɒlədeɪ]
727,,6.0,vacation,n.,假期，休假,[veɪˈkeɪʃn]
728,,7.0,Christmas,n.,圣诞节（12 月 25 日）,[ˈkrɪsməs]
729,,13.0,gift,n.,礼物；赠品,[ɡɪft]
730,,16.0,weekday,n.,工作日，平日,[ˈwiːkdeɪ]
731,,1.0,o,n.,点钟,[əʊ]
732,,2.0,noon,n.,中午,[nuːn]
733,,4.0,moment,n.,片刻，瞬间,[ˈməʊmənt]
734,,6.0,quarter,n.,一刻钟,[ˈkwɔːtə(r)]
735,,7.0,now,adv.,现在,[naʊ]
736,,9.0,present,adj.,现在的,"[ˈpreznt , prɪˈzent]"
737,,11.0,when,conj.,当……的时候,[wen]
738,*,15.0,sudden,adj.,突然的,[ˈsʌdn]
739,,1.0,today,adv.&n.,今天，现在，当前,[təˈdeɪ]
740,,2.0,tomorrow,adv.&n.,明天,[təˈmɒrəʊ]
741,,3.0,yesterday,adv.&n.,昨天,[ˈjestədeɪ]
742,,4.0,tonight,adv.&n.,今晚，今夜,[təˈnaɪt]
743,,7.0,morning,n.,早晨，上午,[ˈmɔːnɪŋ]
744,,8.0,afternoon,n.,下午，午后,[ˌɑːftəˈnuːn]
745,,9.0,evening,n.,傍晚，晚上,[ˈiːvnɪŋ]
746,,11.0,night,n.,夜；夜间,[naɪt]
747,,13.0,day,n.,(一)天，（一）日；白天,[deɪ]
748,,15.0,second,n.,秒,"[ˈsekənd , sɪˈkɒnd]"
749,,16.0,minute,n.,分钟；一会儿，瞬间,"[ˈmɪnɪt , maɪˈnjuːt]"
750,,17.0,hour,n.,小时,[ˈaʊə(r)]
751,,19.0,week,n.,周，星期,[wiːk]
752,,20.0,month,n.,月，月份,[mʌnθ]
753,,21.0,year,n.,年,[jɪə(r)]
754,,22.0,century,n.,世纪，百年,[ˈsentʃəri]
755,,23.0,future,n.,将来；未来,[ˈfjuːtʃə(r)]
756,*,29.0,recent,adj.,近来的，最后的,[ˈriːsnt]
757,*,1.0,period,n.,时代，时期,[ˈpɪəriəd]
758,,2.0,time,n.,时间；时期；钟点；次，回,[taɪm]
759,,3.0,after,adv.,在之后；后来 prep. 在……后；在……后面 conj. 在……后,[ˈɑːftə(r)]
760,,5.0,before,conj.,在……之前,[bɪˈfɔː(r)]
761,,6.0,ago,adv.,以前,[əˈɡəʊ]
762,,7.0,later,adv.,后来,[ˈleɪtə(r)]
763,,8.0,late,adj.,迟的，晚的,[leɪt]
764,,9.0,early,adj.,早的,[ˈɜːli]
765,,10.0,during,prep.,在……期间；在……过程中,[ˈdjʊərɪŋ]
766,,11.0,recently,adv.,最近,[ˈriːsntli]
767,,12.0,since,prep.,从……以来,[sɪns]
768,,14.0,for,prep.,为了……；向……；往……；与……交换；因为……；在……,"[fɔː(r) , fə(r)]"
769,,15.0,soon,adv.,不久，很快，一会儿,[suːn]
770,,16.0,until,prep.&conj.,直到……为止；在……以前；到……为止；在……,[ənˈtɪl]
771,,17.0,while,conj.,在……的时候，和……同时 n.一会儿，一段时间,[waɪl]
772,,18.0,by,prep.,靠近，在……旁，在……时间；不迟于；被；用；由；乘,[baɪ]
773,,19.0,last,v.,持续,[lɑːst]
774,,20.0,forever,adv.,永远,[fərˈevə(r)]
775,,1.0, week,n.,星期,[wiːk]
776,,2.0, Monday,n.,星期一,[ˈmʌndeɪ]
777,,3.0, Tuesday,n.,星期二,[ˈtjuːzdeɪ]
778,,4.0, Wednesday,n.,星期三,[ˈwenzdeɪ]
779,,5.0, Thursday,n.,星期四,[ˈθɜːzdeɪ]
780,,6.0, Friday,n.,星期五,[ˈfraɪdeɪ]
781,,7.0, Saturday,n.,星期六,[ˈsætədeɪ]
782,,8.0, Sunday,n.,星期日,[ˈsʌndeɪ]
783,,9.0, weekday,n.,工作日,[ˈwiːkdeɪ]
784,,10.0, date,n.,日期,[deɪt]
785,,1.0, month,n.,月份,[mʌnθ]
786,,2.0, January,n.,一月,[ˈdʒænjuəri]
787,,3.0, February,n.,二月,[ˈfebruəri]
788,,4.0, March,n.,三月,[mɑːtʃ]
789,,5.0, April,n.,四月,[ˈeɪprəl]
790,,6.0, May,n.,五月,[meɪ]
791,,7.0, June,n.,六月,[dʒuːn]
792,,8.0, July,n.,七月,[dʒuˈlaɪ]
793,,9.0, August,n.,八月,[ˈɔːɡəst]
794,,10.0, September,n.,九月,[sepˈtembə(r)]
795,,11.0, October,n.,十月,[ɒkˈtəʊbə(r)]
796,,12.0, November,n.,十一月,[nəʊˈvembə(r)]
797,,13.0, December,n.,十二月,[dɪˈsembə(r)]
798,,1.0,clothes,n.,衣服；各种衣物,[kləʊðz]
799,,2.0,coat,n.,外套；皮毛；涂层 v. 给……穿外套；涂上,[kəʊt]
800,,3.0,shirt,n.,男衬衫,[ʃɜːt]
801,,4.0,skirt,n.,女裙,[skɜːt]
802,,5.0,sweater,n.,厚运动衫，毛衣,[ˈswetə(r)]
803,*,6.0,shorts,n.,短裤；运动短裤,[ʃɔːts]
804,,7.0,trousers,n.,裤子，长裤,[ˈtraʊzəz]
805,,8.0,T,n.,T 恤衫,[tiː]
806,,9.0,belt,n.,腰带；裤袋,[belt]
807,,10.0,pocket,n.,（衣服的）口袋,[ˈpɒkɪt]
808,,11.0,cap,n.,(无檐的或仅在前面有檐的)帽子；（瓶子的）盖；（钢笔等的）,[kæp]
809,,12.0,hat,n.,帽子（一般指有边的）；礼帽,[hæt]
810,,13.0,dress,n.,女服，连衣裙；（统指）服装；童装 v.穿衣；穿着,[dres]
811,,14.0,glove,n.,手套,[ɡlʌv]
812,,15.0,jacket ,n.,短上衣，夹克衫,[ˈdʒækɪt]
813,*,16.0,jeans,n.,牛仔裤,[dʒiːnz]
814,,17.0,raincoat,n.,雨衣,[ˈreɪnkəʊt]
815,*,18.0,scarf,n.,领巾，围巾,[skɑːf]
816,,19.0,shoe,n.,鞋,[ʃuː]
817,,20.0,socks,n.,短袜,[sɒks]
818,,21.0,tie,n.,领带，绳子，结；关系,[taɪ]
819,*,22.0,overcoat,n.,大衣,[ˈəʊvəkəʊt]
820,,1.0,colour ,n.,颜色 v. 给……着色，涂色,[ˈkʌlə(r)]
821,,2.0,green,n.,绿色 adj. 绿色的；青的,[ɡriːn]
822,,3.0,red,n.,红色 adj. 红色的,[red]
823,,4.0,blue,n.,蓝色 adj. 蓝色的；悲伤的，沮丧的,[bluː]
824,,5.0,black,n.,黑色 adj. 黑色的,[blæk]
825,,6.0,yellow,n.,黄色 adj. 黄色的,[ˈjeləʊ]
826,,7.0,purple,n.,紫色 adj. 紫色的,[ˈpɜːpl]
827,,8.0,white,n.,白色 adj. 白色的,[waɪt]
828,,9.0,brown,n.,褐色；棕色 adj. 褐色的；棕色的,[braʊn]
829,,10.0,pink,adj.,粉红色的,[pɪŋk]
830,,11.0,light,adj.,浅色的,[laɪt]
831,,12.0,dark,adj.,暗色的,[dɑːk]
832,*,13.0,golden,adj.,金的；黄金的,[ˈɡəʊldən]
833,*,14.0,silver,n.,银； adj. 银色的,[ˈsɪlvə(r)]
834,,15.0,white,adj.,雪（白）的,[waɪt]
835,*,16.0,pale,adj.,苍白的,[peɪl]
836,,1.0,shape,n.,形状；外形 v. 使成形；构造；塑造,[ʃeɪp]
837,,2.0,big,adj.,大的,[bɪɡ]
838,,3.0,small,adj.,小的,[smɔːl]
839,*,4.0,tiny,adj.,极小的；微小的,[ˈtaɪni]
840,,5.0,long,adj.,长的,[lɒŋ]
841,,6.0,short,adj.,短的；矮的,[ʃɔːt]
842,,7.0,large,adj.,大的；巨大的,[lɑːdʒ]
843,,8.0,huge,adj.,巨大的；庞大的,[hjuːdʒ]
844,,9.0,wide,adj.,宽阔的,[waɪd]
845,,10.0,thin,adj.,薄的,[θɪn]
846,,11.0,thick,adj.,厚的,[θɪk]
847,,12.0,round,adj.,圆的,[raʊnd]
848,,13.0,deep,adj.,深的,[diːp]
849,,14.0,full,adj.,满的,[fʊl]
850,,15.0,empty,adj.,空的,[ˈempti]
851,,16.0,hard,adj.,硬的,[hɑːd]
852,*,17.0,soft,adj.,柔软的,[sɒft]
853,,18.0,still,adj.,不动的,[stɪl]
854,,19.0,square,n.,正方形 adj. 正方形的,[skweə(r)]
855,,20.0,ring,n.,环形物,[rɪŋ]
856,,21.0,dish,n.,盘,[dɪʃ]
857,,22.0,moon,n.,月状物；月球,[muːn]
858,,23.0,point,n.,点,[pɔɪnt]
859,,1.0,wood,n.,木头，木材（复）树木，森林,[wʊd]
860,,2.0,cotton,n.,棉花 adj. 棉花的，棉质的,[ˈkɒtn]
861,,3.0,silk,n.,（蚕）丝，丝织品,[sɪlk]
862,,4.0,board,n.,木板；布告牌,[bɔːd]
863,,5.0,metal,n.,金属,[ˈmetl]
864,*,6.0,plain,adj.,家常的；普通的,[pleɪn]
865,,7.0,plastic,n.,塑料，塑料制品,[ˈplæstɪk]
866,,8.0,steel,n.,钢，钢铁,[stiːl]
867,,1.0,choose,v.,选择,[tʃuːz]
868,*,2.0,choice,n.,选择；抉择,[tʃɔɪs]
869,,3.0,or,conj.,或；就是；否则,[ɔː(r)]
870,*,5.0,sort,v.,把……分类，拣，选,[sɔːt]
871,,1.0,deal,v.,处理；应付；做生意,[diːl]
872,,2.0,sell,v.,卖，售,[sel]
873,*,3.0,sale,n.,出售,[seɪl]
874,,4.0,serve,v.,招待（顾客等），服务,[sɜːv]
875,*,5.0,service,n.,服务,[ˈsɜːvɪs]
876,,6.0,offer,n.&v.,提供,[ˈɒfə(r)]
877,,7.0,provide,v.,提供,[prəˈvaɪd]
878,,9.0,buy,v.,买,[baɪ]
879,,10.0,afford,v.,负担得起（……的费用）,[əˈfɔːd]
880,,11.0,poor,adj.,贫穷的;可怜的；不好的，差的,[pɔː(r)]
881,,12.0,rich,adj.,富裕的，有钱的,[rɪtʃ]
882,,13.0,worth,adj.,有……价值，值得……的,[wɜːθ]
883,,1.0,bill,n.,账单；（美）钞票，纸币,[bɪl]
884,,2.0,money,n.,钱；货币,[ˈmʌni]
885,,3.0,coin,n.,硬币,[kɔɪn]
886,,4.0,dollar,n.,元（美国、加拿大、澳大利亚等国的货币单位）,[ˈdɒlə(r)]
887,,5.0,cent,n.,美分,[sent]
888,,6.0,gold,n.,黄金,[ɡəʊld]
889,*,7.0,ton,n.,（重量单位）吨,[tʌn]
890,*,8.0,total,n.,合计，总计,[ˈtəʊtl]
891,,9.0,whole,adj.,整个的,[həʊl]
892,,10.0,price,n.,价格，价钱,[praɪs]
893,,11.0,cost,n.,费用，花费，价钱 v. 值（多少钱）；花费,[kɒst]
894,,12.0,cheap,adj.,便宜的；贱的,[tʃiːp]
895,,13.0,expensive,adj.,昂贵的,[ɪkˈspensɪv]
896,*,14.0,value,n.,价值,[ˈvæljuː]
897,,15.0,dear,adj.,贵的,[dɪə(r)]
898,,16.0,free,adj.,免费的,[friː]
899,,17.0,change,v.,兑换,[tʃeɪndʒ]
900,,18.0,weigh,v.,称……的重量；重,[weɪ]
901,*,19.0,weight,n.,重，重量,[weɪt]
902,,20.0,pound,n.,"英镑,磅",[paʊnd]
903,*,21.0,treasure,n.,金银财宝；财富,[ˈtreʒə(r)]
904,*,22.0,wealth,n.,财产，财富,[welθ]
905,,23.0,pay,v.,付钱，给……报酬,[peɪ]
906,*,26.0,pence,n.,(英)便士；美分,[pens]
907,*,27.0,penny,n.,便士；美分,[ˈpeni]
908,,1.0,heat,n.,热 v. 加热,[hiːt]
909,,2.0,cook,n.,炊事员，厨师 v. 烹饪，做饭,[kʊk]
910,,1.0, salt,n.,盐,[sɔːlt]
911,,2.0, sugar,n.,糖,[ˈʃʊɡə(r)]
912,,1.0,dish,n.,盘，碟；盘装菜；盘形物,[dɪʃ]
913,,2.0,bowl,n.,碗,[bəʊl]
914,,3.0,plate,n.,盘子；盆子,[pleɪt]
915,,4.0,cup,n.,杯子,[kʌp]
916,,5.0,bottle,n.,瓶子,[ˈbɒtl]
917,,6.0,box,n.,盒子，箱子,[bɒks]
918,,7.0,basket,n.,篮子,[ˈbɑːskɪt]
919,*,8.0,chopsticks,n.,( pl )筷子,[ˈtʃɒpstɪks]
920,*,9.0,fork,n.,叉，餐叉,[fɔːk]
921,,10.0,knife,n.,小刀,[naɪf]
922,,11.0,spoon,n.,匙，调羹,[spuːn]
923,*,12.0,cooker,n.,炊具（锅、炉灶、烤炉等）,[ˈkʊkə(r)]
924,,1.0,food,n.,食物，食品,[fuːd]
925,,2.0,beef,n.,牛肉,[biːf]
926,,3.0,meat,n.,（猪、牛、羊等的）肉,[miːt]
927,,4.0,pork,n.,猪肉,[pɔːk]
928,,5.0,rice,n.,稻米；米饭,[raɪs]
929,,6.0,noodle,n.,面条,[ˈnuːdl]
930,,7.0,hamburger,n.,汉堡包,[ˈhæmbɜːɡə(r)]
931,,8.0,dumpling,n.,馅类食物,[ˈdʌmplɪŋ]
932,,9.0,egg,n.,蛋；卵,[eɡ]
933,,10.0,pie,n.,甜馅饼,[paɪ]
934,*,11.0,biscuit,n.,饼干,[ˈbɪskɪt]
935,*,12.0,pancake,n.,薄烤饼,[ˈpænkeɪk]
936,,13.0,bread,n.,面包,[bred]
937,*,14.0,sandwich,n.,三明治（夹心，面包片）,[ˈsænwɪtʃ]
938,,15.0,fish,n.,鱼；鱼肉,[fɪʃ]
939,,16.0,butter,n.,黄油，奶油,[ˈbʌtə(r)]
940,,17.0,cake,n.,蛋糕,[keɪk]
941,,18.0,candy,n.,糖果,[ˈkændi]
942,,19.0,vegetable,n.,蔬菜,[ˈvedʒtəbl]
943,*,20.0,cabbage,n.,卷心菜，洋白菜,[ˈkæbɪdʒ]
944,,21.0,tomato,n.,西红柿，番茄,[təˈmɑːtəʊ]
945,,22.0,potato,n.,土豆，马铃薯,[pəˈteɪtəʊ]
946,,23.0,chocolate,n.,巧克力,[ˈtʃɒklət]
947,,24.0,chicken,n.,鸡肉；鸡,[ˈtʃɪkɪn]
948,,25.0,soup,n.,汤,[suːp]
949,,26.0,dish,n.,碟，盘；盘装菜；盘形物,[dɪʃ]
950,,27.0,list,n.,清单，一览表,[lɪst]
951,,28.0,menu,n.,菜单,[ˈmenjuː]
952,,30.0,sweet,n.,甜食；甜点；蜜饯；糖果；芳香 adj. 甜的；新鲜的；可,[swiːt]
953,*,31.0,sausage,n.,香肠，腊肠,[ˈsɒsɪdʒ]
954,*,32.0,ham,n.,火腿,[hæm]
955,*,33.0,hot dog,n.,热狗（红肠面包）,[ˈhɒt dɒɡ]
956,,34.0,salad,n.,沙拉（西餐中的一种凉拌菜）,[ˈsæləd]
957,*,35.0,strawberry,n.,草莓,[ˈstrɔːbəri]
958,*,36.0,watermelon,n.,西瓜,[ˈwɔːtəmelən]
959,,1.0,water,n.,水,[ˈwɔːtə(r)]
960,,2.0,milk,n.,牛奶 v. 挤奶,[mɪlk]
961,,3.0,juice,n.,汁，液,[dʒuːs]
962,,4.0,orange,n.,橘子，橙子，橘汁,[ˈɒrɪndʒ]
963,,5.0,coffee,n.,咖啡,[ˈkɒfi]
964,,6.0,drink,n.,饮料；喝酒,[drɪŋk]
965,,7.0,coke,n.,可口可乐,[kəʊk]
966,,9.0,tea,n.,茶；茶叶,[tiː]
967,,10.0,wine,n.,酒,[waɪn]
968,,11.0,spring,n.,泉水，泉;春天，春季,[sprɪŋ]
969,*,12.0,lemonade,n.,柠檬水,[ˌleməˈneɪd]
970,,1.0,breakfast,n.,早饭,[ˈbrekfəst]
971,,2.0,lunch,n.,午饭，午餐,[lʌntʃ]
972,,3.0,dinner,n.,正餐，宴会,[ˈdɪnə(r)]
973,,4.0,feed,v.,喂（养）；饲（养）,[fiːd]
974,,5.0,delicious,adj.,美味的，可口的,[dɪˈlɪʃəs]
975,,6.0,fresh,adj.,新鲜的,[freʃ]
976,,7.0,sour,adj.,酸的,[ˈsaʊə(r)]
977,,8.0,sweet,adj.,甜的；新鲜的；可爱的；亲切的,[swiːt]
978,,9.0,full,adj.,满的，充满的；完全的,[fʊl]
979,,10.0,hungry,adj.,（饥）饿的,[ˈhʌŋɡri]
980,,11.0,thirsty,adj.,渴的,[ˈθɜːsti]
981,*,1.0,brain,n.,脑（子）,[breɪn]
982,,2.0,eye,n.,眼睛,[aɪ]
983,,3.0,nose,n.,鼻,[nəʊz]
984,,4.0,mouth,n.,嘴，口,"[maʊθ , maʊð]"
985,,5.0,ear,n.,耳朵，耳状物；听力，听觉,[ɪə(r)]
986,,6.0,face,n.,脸,[feɪs]
987,,7.0,hair,n.,头发,[heə(r)]
988,,8.0,tooth ,n.,牙齿,[tuːθ]
989,,9.0,head,n.,头；头脑,[hed]
990,,10.0,body,n.,身体,[ˈbɒdi]
991,,11.0,leg,n.,腿；腿脚；支柱,[leɡ]
992,,12.0,arm,n.,臂；支架,[ɑːm]
993,,13.0,knee,n.,膝盖,[niː]
994,,14.0,hand,n.,手；指针,[hænd]
995,,15.0,foot ,n.,足，脚；英尺,[fʊt]
996,,16.0,finger,n.,手指,[ˈfɪŋɡə(r)]
997,,17.0,heart,n.,心脏；心,[hɑːt]
998,,18.0,neck,n.,脖子，颈,[nek]
999,*,19.0,stomach,n.,胃，胃部,[ˈstʌmək]
1000,,20.0,back,n.,背后，后部；背,[bæk]
1001,*,21.0,blood,n.,血，血液,[blʌd]
1002,*,22.0,chest,n.,箱子；盒子；胸部,[tʃest]
1003,*,23.0,shoulder,n.,肩膀,[ˈʃəʊldə(r)]
1004,,1.0,health,n.,健康，卫生,[helθ]
1005,,2.0,healthy,adj.,健康的，健壮的,[ˈhelθi]
1006,,3.0,fine,adj.,（身体）健康的；晴朗的；美好的；细小的,[faɪn]
1007,,4.0,fit,adj.,健康的；合适的,[fɪt]
1008,,5.0,ill,adj.,有病的；不健康的,[ɪl]
1009,,6.0,illness,n.,疾病,[ˈɪlnəs]
1010,,7.0,sick,adj.,有病的，患病的；（想）呕吐的,[sɪk]
1011,,8.0,dead,adj.,死的；无生命的,[ded]
1012,,9.0,die,v.,死,[daɪ]
1013,,10.0,blind,adj.,瞎的,[blaɪnd]
1014,*,11.0,deaf,adj.,聋的,[def]
1015,*,15.0,breath,n.,气息；呼吸,[breθ]
1016,,16.0,breathe,v.,呼吸,[briːð]
1017,*,17.0,condition,n.,条件，状况,[kənˈdɪʃn]
1018,,18.0,death,n.,死,[deθ]
1019,,1.0,stomachache,n.,胃疼,[ˈstʌməkeɪk]
1020,,2.0,toothache,n.,牙疼,[ˈtuːθeɪk]
1021,,3.0,headache,n.,头痛,[ˈhedeɪk]
1022,,4.0,cough,v.,咳嗽,[kɒf]
1023,,5.0,fever,n.,发烧；发热,[ˈfiːvə(r)]
1024,,6.0,flu,n.,流行性感冒,[fluː]
1025,,9.0,cancer,n.,癌症,[ˈkænsə(r)]
1026,,1.0,ache,v.&n.,痛，疼痛,[eɪk]
1027,,2.0,pain,n.,疼;疼痛,[peɪn]
1028,,3.0,hurt,v.,受伤，伤害；伤……的感情,[hɜːt]
1029,*,4.0,wound,n.,创伤，伤口,"[waʊnd , wuːnd]"
1030,,5.0,smoke,n.,烟 v. 吸烟，冒烟,[sməʊk]
1031,,6.0,wounded,adj.,受伤的,[ˈwuːndɪd]
1032,,7.0,bitter,adj.,有苦味的；痛苦的，难过的；严酷的,[ˈbɪtə(r)]
1033,,1.0,medicine,n.,药,[ˈmedsn]
1034,*,3.0,drug,n.,毒品；药，药物,[drʌɡ]
1035,*,1.0,operation,n.,手术，操作,[ˌɒpəˈreɪʃn]
1036,*,2.0,treatment,n.,治疗，疗法,[ˈtriːtmənt]
1037,,3.0,medical,adj.,医学的，医疗的,[ˈmedɪkl]
1038,,1.0,weather,n.,天气,[ˈweðə(r)]
1039,,2.0,sunny,adj.,晴朗的；阳光充足的,[ˈsʌni]
1040,,3.0,cloudy,adj.,多云的，阴天的,[ˈklaʊdi]
1041,,4.0,wind,n.,风,"[wɪnd , waɪnd]"
1044,,7.0,snowy,adj.,下雪的；多（积）雪的；雪（白）的,[ˈsnəʊi]
1045,,8.0,rain,v.,下雨； n. 雨水，雨,[reɪn]
1046,,9.0,rainy,adj.,下雨的；多雨的,[ˈreɪni]
1047,,10.0,dry,adj.,干的；干燥的,[draɪ]
1048,,11.0,wet,adj.,湿的，潮的,[wet]
1049,,12.0,cold,adj.,冷的，寒的,[kəʊld]
1050,,13.0,hot,adj.,热的,[hɒt]
1051,,14.0,warm,adj.,暖和的，温暖的；热情的,[wɔːm]
1052,,15.0,cool,adj.,凉的，凉爽的；酷,[kuːl]
1053,,16.0,lift,v.,举起，抬起,[lɪft]
1054,,17.0,shine,v.,发光，照耀；擦亮,[ʃaɪn]
1055,,18.0,shower,n.,阵雨；淋浴,[ˈʃaʊə(r)]
1056,,19.0,storm,n.,风暴，暴（风）雨,[stɔːm]
1057,,20.0,zero,n.,零度；零；零点,[ˈzɪərəʊ]
1058,,21.0,temperature,n.,温度,[ˈtemprətʃə(r)]
1059,,22.0,degree,n.,程度；度数,[dɪˈɡriː]
1060,,23.0,heat,n.,热,[hiːt]
1061,,24.0,weather,n.,天气,[ˈweðə(r)]
1062,,1.0,film,n.,电影；影片；胶卷,[fɪlm]
1063,,2.0,movie,n.,（口语）电影,[ˈmuːvi]
1064,,3.0,act,v.,做事，行动；（戏）表演，扮演，（角色），演出（戏）,[ækt]
1065,*,5.0,role,n.,角色,[rəʊl]
1066,,6.0,action,n.,行动,[ˈækʃn]
1067,,7.0,actor,n.,(男)演员,[ˈæktə(r)]
1068,,8.0,director,n.,导演；所长，处长，主任；董事,[dəˈrektə(r)]
1069,,9.0,hero,n.,英雄，勇士，勇主角,[ˈhɪərəʊ]
1070,,10.0,set,v.,安置；释放,[set]
1071,,11.0,dance,n.,跳舞，舞蹈 v. 跳舞,[dɑːns]
1072,,12.0,sing,v.,唱，唱歌,[sɪŋ]
1073,,13.0,song,n.,歌曲；歌唱,[sɒŋ]
1074,,14.0,play,n.,戏曲，玩耍,[pleɪ]
1075,,16.0,boring,adj.,无聊的，乏味的,[ˈbɔːrɪŋ]
1076,,1.0,programme,n.,节目；项目,[ˈprəʊɡræm]
1077,,2.0,advertising,n.,广告 adj. 广告的,[ˈædvətaɪzɪŋ]
1078,,3.0,advertisement,n.,广告,[ədˈvɜːtɪsmənt]
1079,,4.0,show,n.,展览；表演,[ʃəʊ]
1080,,5.0,interview,v.,采访，会见,[ˈɪntəvjuː]
1081,,6.0,report,n.&v.,报道，报告,[rɪˈpɔːt]
1082,,7.0,loud,adj.,（声音）响亮的,[laʊd]
1083,,1.0,instrument,n.,乐器,[ˈɪnstrəmənt]
1084,,2.0,balloon,n.,气球,[bəˈluːn]
1085,*,3.0,drum,n.,鼓,[drʌm]
1086,,4.0,piano,n.,钢琴,"[piˈænəʊ , ˈpjɑːnəʊ]"
1087,,5.0,guitar,n.,吉他，六弦琴,[ɡɪˈtɑː(r)]
1088,*,6.0,violin,n.,小提琴,[ˌvaɪəˈlɪn]
1089,,9.0,celebrate,v.,庆祝,[ˈselɪbreɪt]
1090,,1.0,music,n.,音乐，乐曲,[ˈmjuːzɪk]
1091,,2.0,concert,n.,音乐会；演奏会,[ˈkɒnsət]
1092,,3.0,beat,n.,（音乐）节拍,[biːt]
1093,,4.0,popular,adj.,流行的，大众的，受欢迎的,[ˈpɒpjələ(r)]
1094,,5.0,pop,adj.,(口语)（音乐、艺术等）大众的，通俗的,[pɒp]
1095,*,6.0,chant,n.,圣歌,[tʃɑːnt]
1096,*,7.0,record,n.,记录；唱片,"[ˈrekɔːd , rɪˈkɔːd]"
1097,,1.0,sport,n.,体育运动，锻炼；（复、英）运动会,[spɔːt]
1098,,2.0,sports,n.,运动会,[spɔːts]
1099,,3.0,match,n.,比赛，竞赛；火柴,[mætʃ]
1100,,4.0,competition,n.,比赛，竞赛；竞争,[ˌkɒmpəˈtɪʃn]
1101,,5.0,race,n.,赛跑，竞赛,[reɪs]
1102,,6.0,game,n.,运动；比赛；游戏,[ɡeɪm]
1103,,7.0,ball,n.,球,[bɔːl]
1104,,8.0,basketball,n.,篮球,[ˈbɑːskɪtbɔːl]
1105,,9.0,football,n.,(英式)足球，（美式）橄榄球,[ˈfʊtbɔːl]
1106,,10.0,volleyball,n.,排球,[ˈvɒlibɔːl]
1107,,11.0,tennis,n.,网球,[ˈtenɪs]
1108,*,13.0,baseball,n.,棒球,[ˈbeɪsbɔːl]
1109,,14.0,chess,n.,棋,[tʃes]
1110,,15.0,skate,v.,溜冰，滑冰,[skeɪt]
1111,,16.0,swim,v.,游泳，游,[swɪm]
1112,,17.0,swimming,n.,游泳,[ˈswɪmɪŋ]
1113,,18.0,jump,v.,跳跃；惊起；猛扑,[dʒʌmp]
1114,,19.0,kick,v.,踢,[kɪk]
1115,,20.0,play,v.,玩；打（球）；播放；游戏,[pleɪ]
1116,,21.0,swing,n.,秋千,[swɪŋ]
1117,,1.0,travel,n.,旅行,[ˈtrævl]
1118,,2.0,trip,n.,旅行，旅程,[trɪp]
1119,,3.0,tour,n.,参观，观光，旅行,[tʊə(r)]
1120,,4.0,visit,n.&v.,参观，拜访，访问,[ˈvɪzɪt]
1121,,5.0,visitor,n.,访问者，参观者,[ˈvɪzɪtə(r)]
1122,,7.0,sight,n.,情景，风景；视力,[saɪt]
1123,,10.0,relax,v.,放松，轻松,[rɪˈlæks]
1124,*,11.0,fantastic,adj.,奇特的；（口语）极好的，美妙的，很棒的,[fænˈtæstɪk]
1125,,12.0,ticket,n.,票；卷,[ˈtɪkɪt]
1126,,13.0,traveler,n.,旅行者；观光者,['træv(ə)lə]
1127,,14.0,abroad,adv.,到（在）国外；海外,[əˈbrɔːd]
1128,*,1.0,airport,n.,机场，场，航空站,[ˈeəpɔːt]
1129,,2.0,station,n.,车站；电台；站，所,[ˈsteɪʃn]
1130,,4.0,truck,n.,卡车，运货车；车皮,[trʌk]
1131,,5.0,driver,n.,司机，驾驶员,[ˈdraɪvə(r)]
1132,,6.0,pilot,n.,飞行员,[ˈpaɪlət]
1133,*,7.0,captain,n.,船长，舰长；队长；（海军）上校,[ˈkæptɪn]
1134,,9.0,passenger,n.,乘客，旅客,[ˈpæsɪndʒə(r)]
1135,*,10.0,accident,n.,事故；意外的事,[ˈæksɪdənt]
1136,,11.0,safe,adj.,安全的,[seɪf]
1137,,12.0,dangerous,adj.,危险的,[ˈdeɪndʒərəs]
1138,,13.0,cross,v.,穿过；越过,[krɒs]
1139,,14.0,sail,n.&v.,航行，开航,[seɪl]
1140,,15.0,drive,v.,驾驶，开（车）；驱赶,[draɪv]
1141,*,16.0,passport,n.,护照,[ˈpɑːspɔːt]
1142,,17.0,ride,v.,骑（马、自行车等）；乘车,[raɪd]
1143,,18.0,fly,n.,飞行；苍蝇 v. （鸟，飞机）飞；（人乘飞机）飞行；（旗子等）,[flaɪ]
1144,,19.0,ship,n.,船，轮船,[ʃɪp]
1145,,20.0,land,v.,登岸（陆）；降落,[lænd]
1146,*,22.0,airplane,n.,（美）飞机,[ˈeəpleɪn]
1147,,23.0,bus,n.,公共汽车,[bʌs]
1148,,25.0,train,n.,火车,[treɪn]
1149,,26.0,car,n.,汽车，小轿车,[kɑː(r)]
1150,,27.0,boat,n.,小船，小舟,[bəʊt]
1151,,28.0,taxi,n.,出租汽车,[ˈtæksi]
1152,*,29.0,underground,n.,地铁,[ˌʌndəˈɡraʊnd]
1153,,35.0,traffic,n.,交通，来往车辆,[ˈtræfɪk]
1154,*,36.0,coach,n.,马车；长途车；教练,[kəʊtʃ]
1155,,37.0,wheel,n.,轮，机轮,[wiːl]
1156,,38.0,way,n.,路线；路，方式，手段,[weɪ]
1157,,39.0,railway,n.,铁路；铁道,[ˈreɪlweɪ]
1158,,41.0,airline,n.,航空公司；航空系统,[ˈeəlaɪn]
1159,,42.0,license,n.,执照，许可证,[ˈlaɪsns]
1160,*,43.0,motorcycle,n.,摩托车,[ˈməʊtəsaɪkl]
1161,,44.0,parking,n.,停车，停车场，停车位,[ˈpɑːkɪŋ]
1162,,45.0,path,n.,小道，小径,[pɑːθ]
1163,*,46.0,vehicle,n.,交通工具，车辆，媒介物,[ˈviːəkl]
1164,*,1.0,direction,n.,方向；方位,[dəˈrekʃn]
1165,,2.0,centre,n.,中心，中央,[ˈsentə(r)]
1166,,3.0,side,n.,边，旁边，面，侧面,[saɪd]
1167,,4.0,front,n.,前面；前线；前部,[frʌnt]
1168,,5.0,middle,n.&adj.,中间(的)；当中；中级,[ˈmɪdl]
1169,,6.0,bottom,n.,底部；底,[ˈbɒtəm]
1170,,7.0,top,n.,顶部，（物体的）上面,[tɒp]
1171,*,8.0,surface,n.,表面,[ˈsɜːfɪs]
1172,,9.0,east,n.&adj.,东方；东方的；东部的；朝东的，从东方来的,[iːst]
1173,,10.0,west,n.&adj.,西部；西方；（在）西的；向西的；从西来的,[west]
1174,,11.0,south,n.&adj.,南；南风；南部，南方;南（方）的；向南的；从南,[saʊθ]
1175,,12.0,north,n.&adj.,北方；北方的,[nɔːθ]
1176,,13.0,at,prep.,在（几点钟）；在（某处）,"[æt , ət]"
1177,,14.0,in,prep.,在……里（内）；在……；以……,[ɪn]
1178,,15.0,on,prep.,在……上（时），关于,[ɒn]
1179,,16.0,above,prep.,在……上面,[əˈbʌv]
1180,*,17.0,upon,prep.,在……上面,[əˈpɒn]
1181,,18.0,over,prep.,越过；在……上方;遍及;结束,[ˈəʊvə(r)]
1182,,19.0,below,prep.,在……下面,[bɪˈləʊ]
1183,,20.0,under,prep.,在……下面,[ˈʌndə(r)]
1184,,21.0,among,prep.,在……中间；在（三个以上）之间,[əˈmʌŋ]
1185,,22.0,between,prep.,在（两者）之间；在……中间,[bɪˈtwiːn]
1186,,23.0,inside,prep.,里面;在（或向）里面,[ˌɪnˈsaɪd]
1187,,24.0,around,prep.,在……周围；大约,[əˈraʊnd]
1188,,25.0,beside,prep.,在……旁边；靠边,[bɪˈsaɪd]
1189,,26.0,behind,prep.,（表示位置）在……后面,[bɪˈhaɪnd]
1190,,27.0,up,adv.,向上；在上方；起来,[ʌp]
1191,,28.0,down,adv.,向下,[daʊn]
1192,,29.0,back,adv.,向后；四（原处）,[bæk]
1193,,30.0,western,adj.,西部的，西方的,[ˈwestən]
1194,,31.0,southern,adj.,南方的，南部的,[ˈsʌðən]
1195,,32.0,northern,adj.,北方的，北部的,[ˈnɔːðən]
1196,,33.0,close,adj.&v.,近，靠近；亲密的；关闭，关,"[kləʊz , kləʊs]"
1197,,34.0,near,adj.,近的;附近的,[nɪə(r)]
1198,,35.0,next,adj.,隔壁的，紧挨着的，最后的;下一次,[nekst]
1199,,36.0,far,adj.,远的,[fɑː(r)]
1200,,37.0,low,adj.,低的；矮的,[ləʊ]
1201,,38.0,left,adj.,左边的 n. 左边，左,[left]
1202,,39.0,right,adj.,对，正确的；右，右边的,[raɪt]
1203,*,40.0,position,n.,位置,[pəˈzɪʃn]
1204,,1.0,post,v.,邮寄；投寄,[pəʊst]
1205,,2.0,send,v.,送，邮寄；打发，派遣,[send]
1206,,3.0,message,n.,音讯，消息,[ˈmesɪdʒ]
1207,,4.0,radio,n.,收音机，无线电,[ˈreɪdiəʊ]
1208,,5.0,tape,n.,磁带；录音带,[teɪp]
1209,,6.0,mail,n.,邮政，邮递,[meɪl]
1210,,1.0,Internet,n.,因特网，互联网,[ˈɪntənet]
1211,,2.0,keyboard,n.,键盘,[ˈkiːbɔːd]
1212,,3.0,copy,n.,抄本，备本；一本（分，册……） v. 复印；抄写（计算机用,[ˈkɒpi]
1213,,4.0,menu,n.,菜单,[ˈmenjuː]
1214,,5.0,screen,n.,荧光屏，幕,[skriːn]
1215,,6.0,search,v.,搜寻，搜查,[sɜːtʃ]
1216,,7.0,computer,n.,电子计算机,[kəmˈpjuːtə(r)]
1217,*,8.0,website,n.,WWW（万唯网）的站点,[ˈwebsaɪt]
1218,,9.0,e,n.,电子邮件; v. 发电子邮件,[iː]
1219,,1.0,knowledge,n.,知识，学问,[ˈnɒlɪdʒ]
1220,,2.0,homework,n.,家庭作业,[ˈhəʊmwɜːk]
1221,,3.0,lesson,n.,功课；教训；课,[ˈlesn]
1222,,4.0,text,n.,文本，课文,[tekst]
1223,*,5.0,unit,n.,单元，单位,[ˈjuːnɪt]
1224,*,6.0,sentence,n.,句子,[ˈsentəns]
1225,,7.0,pronounce,v.,发音,[prəˈnaʊns]
1226,*,8.0,pronunciation,n.,发音,[prəˌnʌnsiˈeɪʃn]
1227,,9.0,language,n.,语言,[ˈlæŋɡwɪdʒ]
1228,*,10.0,skill,n.,"技能,技巧",[skɪl]
1229,,11.0,letter,n.,字母；信,[ˈletə(r)]
1230,,12.0,word,n.,"单词,词；话",[wɜːd]
1231,,13.0,expression,n.,词语；表达；表示；表情,[ɪkˈspreʃn]
1232,*,14.0,grammar,n.,语法,[ˈɡræmə(r)]
1233,*,15.0,composition,n.,作文；作曲,[ˌkɒmpəˈzɪʃn]
1234,,16.0,object,n.,物，物体；宾语,"[ˈɒbdʒɪkt , əbˈdʒekt]"
1235,,17.0,handwriting,n.,书法,[ˈhændraɪtɪŋ]
1236,*,18.0,article,n.,文章；东西，物品；冠词,[ˈɑːtɪkl]
1237,,19.0,riddle,n.,谜，谜语；神秘人物,[ˈrɪdl]
1238,,1.0,teach,v.,教，教书,[tiːtʃ]
1239,,2.0,learn,v.,学；学会,[lɜːn]
1240,,3.0,explain,v.,解释，说明,[ɪkˈspleɪn]
1241,,4.0,experiment,n.,实验,[ɪkˈsperɪmənt]
1242,,5.0,research,n.,研究，调查,[rɪˈsɜːtʃ]
1243,,6.0,practice,n.,练习,[ˈpræktɪs]
1244,,7.0,practise,v.,练习，实践,[ˈpræktɪs]
1245,,8.0,correct,v.,纠正；改正 adj. 正确的，对的；恰当的,[kəˈrekt]
1246,,9.0,attention,n.,注意；关心,[əˈtenʃn]
1247,,10.0,check,v.,检查；批改；校对，核对,[tʃek]
1248,,11.0,mistake,n.,错误，失误 v. 误会；误解；看错,[mɪˈsteɪk]
1249,,13.0,understand,v.,明白；理解；懂得,[ˌʌndəˈstænd]
1250,,14.0,express,v.,表达,[ɪkˈspres]
1251,,15.0,translate,v.,翻译,[trænzˈleɪt]
1252,*,16.0,course,n.,进程；课程；进程,[kɔːs]
1253,,17.0,train,v.,培训，训练,[treɪn]
1254,,18.0,training,n.,培训,[ˈtreɪnɪŋ]
1255,,19.0,create,v.,创造；造成,[kriˈeɪt]
1256,,20.0,task,n.,任务，工作,[tɑːsk]
1257,,21.0,progress,n.,进步，上进,"[ˈprəʊɡres , prəˈɡres]"
1258,,22.0,meaning,n.,含义，意思,[ˈmiːnɪŋ]
1259,,30.0,mark,v.,标明，做记号于,[mɑːk]
1260,,33.0,review,v.,重新调查；回顾；复习,[rɪˈvjuː]
1261,,34.0,spell,v.,拼写,[spel]
1262,,38.0,accent,n.,口音；音调,"[ˈæksent , ækˈsent]"
1263,*,39.0,basic,adj.,基本的,[ˈbeɪsɪk]
1264,*,40.0,examine,v.,检查；诊察,[ɪɡˈzæmɪn]
1265,*,41.0,recite,v.,背诵,[rɪˈsaɪt]
1266,*,42.0,retell,v.,重讲，重复，复述,[ˌriːˈtel]
1267,*,43.0,simple,adj.,简单的，简易的,[ˈsɪmpl]
1268,*,44.0,test,v.,测试，试验，检验,[test]
1269,,1.0,exam,n.,考试，测试；检查；审查,[ɪɡˈzæm]
1270,,2.0,text,v.&n.,文本，课文,[tekst]
1271,*,3.0,level,n.,水平，水平线,[ˈlevl]
1272,*,4.0,standard,n.&adj.,标准;标准（的）,[ˈstændəd]
1273,,5.0,score,n.,成绩；分数,[skɔː(r)]
1274,,6.0,result,n.,结果，效果,[rɪˈzʌlt]
1275,*,7.0,competition,n.,比赛，竞赛；竞争,[ˌkɒmpəˈtɪʃn]
1276,,8.0,prize,n.,奖品，奖赏,[praɪz]
1277,*,9.0,creative,adj.,创造性的,[kriˈeɪtɪv]
1278,*,10.0,speech,n.,演讲,[spiːtʃ]
1279,,11.0,discuss,v.,讨论，议论,[dɪˈskʌs]
1280,,12.0,fail,v.,失败；不及格；衰退,[feɪl]
1281,,13.0,lose,v.,失去，丢失,[luːz]
1282,,14.0,pass,v.,通过；传，递；经过,[pɑːs]
1283,,15.0,improve,v.,改进，更新,[ɪmˈpruːv]
1284,,16.0,reply,n.&v.,回答，答复,[rɪˈplaɪ]
1285,*,17.0,repeat,v.,重说，重做,[rɪˈpiːt]
1286,,18.0,check,v.,校对，核对；检查；批改,[tʃek]
1287,,19.0,term,n.,学期；术语；条款；项,[tɜːm]
1288,,1.0, season,n.,季节,[ˈsiːzn]
1289,,2.0, spring,n.,春季；春天,[sprɪŋ]
1290,,3.0, summer,n.,夏季；夏天,[ˈsʌmə(r)]
1291,,4.0, autumn,n.,秋季；秋天,[ˈɔːtəm]
1292,,5.0, winter,n.,冬季；冬天,[ˈwɪntə(r)]
1293,,1.0,life,n.,生命；生涯；生活；人生；生物,[laɪf]
1294,,2.0,pet,n.,宠物，爱畜,[pet]
1295,,3.0,animal,n.,动物,[ˈænɪml]
1296,*,4.0,ant,n.,蚂蚁,[ænt]
1297,,5.0,panda,n.,熊猫,[ˈpændə]
1298,,6.0,tiger,n.,老虎,[ˈtaɪɡə(r)]
1299,,7.0,lion,n.,狮子,[ˈlaɪən]
1300,,8.0,elephant,n.,象,[ˈelɪfənt]
1301,,9.0,fox,n.,狐狸,[fɒks]
1302,*,10.0,giraffe,n.,长颈鹿,[dʒəˈrɑːf]
1303,,11.0,bear,n.,熊,[beə(r)]
1304,,12.0,monkey,n.,猴子,[ˈmʌŋki]
1305,,13.0,snake,n.,蛇,[sneɪk]
1306,,14.0,bee,n.,蜜蜂,[biː]
1307,,15.0,mouse,n.,鼠，耗子;（计算机）鼠标,[maʊs]
1308,,16.0,bird,n.,鸟,[bɜːd]
1309,,17.0,cow,n.,奶牛，母牛,[kaʊ]
1310,,18.0,dog,n.,狗,[dɒɡ]
1311,,19.0,hen,n.,母鸡,[hen]
1312,,20.0,duck,n.,鸭子,[dʌk]
1313,,21.0,cat,n.,猫,[kæt]
1314,,22.0,sheep,n.,（绵）羊,[ʃiːp]
1315,,23.0,pig,n.,猪,[pɪɡ]
1316,,24.0,horse,n.,马,[hɔːs]
1317,,25.0,rabbit,n.,兔;家兔,[ˈræbɪt]
1318,,26.0,tail,n.,（动物的）尾巴,[teɪl]
1319,*,27.0,wing,n.,机翼，翅膀,[wɪŋ]
1320,*,28.0,butterfly,n.,蝴蝶,[ˈbʌtəflaɪ]
1321,,29.0,cock,n.,公鸡,[kɒk]
1322,,30.0,camel,n.,骆驼,[ˈkæml]
1323,,31.0,deer,n.,鹿,[dɪə(r)]
1324,*,32.0,frog,n.,青蛙,[frɒɡ]
1325,,33.0,goat,n.,山羊,[ɡəʊt]
1326,,34.0,goose,n.,鹅,[ɡuːs]
1327,*,35.0,lamb,n.,羔羊,[læm]
1328,*,36.0,whale,n.,鲸,[weɪl]
1329,*,37.0,wolf,n.,狼,[wʊlf]
1330,,38.0,rat,n.,老鼠,[ræt]
1331,*,39.0,zebra,n.,斑马,[ˈzebrə]
1332,,11.0,tree,n.,树,[triː]
1333,,2.0,plant,n.&v.,种植；播种,[plɑːnt]
1334,,3.0,stick,n.,枝条；木棒（棍）,[stɪk]
1335,,4.0,fruit,n.,水果；果实,[fruːt]
1336,,5.0,apple,n.,苹果,[ˈæpl]
1337,,6.0,banana,n.,香蕉,[bəˈnɑːnə]
1338,,7.0,pear,n.,梨子；梨树,[peə(r)]
1339,,8.0,orange,n.,橘子；橙子；橘汁,[ˈɒrɪndʒ]
1340,,9.0,grape,n.,葡萄,[ɡreɪp]
1341,,10.0,lemon,n.,柠檬,[ˈlemən]
1342,,11.0,grass,n.,草；草场；牧草,[ɡrɑːs]
1343,,12.0,bamboo,n.,竹,[ˌbæmˈbuː]
1344,,13.0,flower,n.,花,[ˈflaʊə(r)]
1345,*,14.0,rose,n.,玫瑰,[rəʊz]
1346,,15.0,leaf,n.,树叶；菜叶,[liːf]
1347,,1.0,burn,v.,着火，燃，烧；使烧焦……；使晒黑,[bɜːn]
1348,,2.0,fire,n.,火灾,[ˈfaɪə(r)]
1349,,1.0,natural,adj.,自然的,[ˈnætʃrəl]
1350,,2.0,forest,n.,森林,[ˈfɒrɪst]
1351,,3.0,wood,n.,（复 woods）树木，森林；木头，树；木材,[wʊd]
1352,,4.0,mountain,n.,山，山脉,[ˈmaʊntən]
1353,,5.0,hill,n.,小山；丘陵；土堆；斜坡,[hɪl]
1354,,6.0,island,n.,岛,[ˈaɪlənd]
1355,*,7.0,coast,n.,海岸；海滨,[kəʊst]
1356,,8.0,rock,n.,岩石，大石头,[rɒk]
1357,,9.0,ground,n.,地面,[ɡraʊnd]
1358,,10.0,land,n.,陆地；土地 v. 登岸（陆）；降落,[lænd]
1359,,11.0,river,n.,江；河；巨流；水道,[ˈrɪvə(r)]
1360,,12.0,lake,n.,湖,[leɪk]
1361,,13.0,pool,n.,水塘，水池,[puːl]
1362,,14.0,bank,n.,(河，海，湖的）岸，堤；银行,[bæŋk]
1363,,15.0,stone,n.,石头；石,[stəʊn]
1364,,17.0,ocean,n.,海洋,[ˈəʊʃn]
1365,,18.0,sea,n.,海洋,[siː]
1366,,19.0,beach,n.,海滩,[biːtʃ]
1367,,20.0,ice,n.,冰,[aɪs]
1368,,21.0,sand,n.,沙子，沙,[sænd]
1369,,22.0,shelf,n.,搁板；架子,[ʃelf]
1370,,23.0,area,n.,面积；地域；区域；地方；范围；领域,[ˈeəriə]
1371,,24.0,hole,n.,洞，坑,[həʊl]
1372,,25.0,coal,n.,煤；煤块,[kəʊl]
1373,,26.0,oil,n.,油,[ɔɪl]
1374,,27.0,Atlantic,adj.,大西洋的,[ətˈlæntɪk]
1375,*,28.0,edge,n.,边缘,[edʒ]
1376,,29.0,freeze,v.,"(froze, frozen)结冰",[friːz]
1377,*,30.0,smooth,adj.,光滑的；平坦的,[smuːð]
1378,*,31.0,stream,n.,小河；溪流,[striːm]
1379,,1.0,sky,n.,天空；天,[skaɪ]
1380,,2.0,air,n.,空气；大气,[eə(r)]
1381,,3.0,cloud,n.,云；云状物；阴影,[klaʊd]
1382,,4.0,sun,n.,太阳；阳光,[sʌn]
1383,,5.0,moon,n.,月球；月光；月状物,[muːn]
1384,,6.0,star,n.,星，恒星,[stɑː(r)]
1385,,7.0,earth,n.,地球；土，泥；大地,[ɜːθ]
1386,,8.0,planet,n.,行星，星球,[ˈplænɪt]
1387,*,9.0,space,n.,空间,[speɪs]
1388,,10.0,pull,n.,拉力，引力,[pʊl]
1389,,11.0,communication,n.,通讯；交往；交际,[kəˌmjuːnɪˈkeɪʃn]
1390,*,12.0,mobile,adj.,可移动的,[ˈməʊbaɪl]
1391,,13.0,model,n.,模型；范例；模范,[ˈmɒdl]
1392,,14.0,modern,adj.,现代的,[ˈmɒdn]
1393,,1.0,population,n.,人口，人数；洲、国家,[ˌpɒpjuˈleɪʃn]
1394,,2.0,world,n.,世界,[wɜːld]
1395,,3.0,country,n.,国家；农村，乡下,[ˈkʌntri]
1396,,4.0,foreign,adj.,外国的,[ˈfɒrən]
1397,,5.0,Asia,n.,亚洲,['eɪʒə]
1398,*,6.0,Asian,adj.,亚洲的，亚洲人的 n. 亚洲人,[ˈeɪʃn]
1399,,7.0,Africa,n.,非洲,['æfrɪkə]
1400,,8.0,Europe,n.,欧洲,[ˈjʊərəp]
1401,,9.0,European,adj.,欧洲的，欧洲人的 n. 欧洲人,[ˌjʊərəˈpiːən]
1402,,10.0,China,n.,中国,[ˈtʃaɪnə]
1403,,11.0,Chinese,adj.,中国的；中国人的；中国话的，汉语的 n. 中国人；中,[ˌtʃaɪˈniːz]
1404,,12.0,America,n.,美国；美洲,[əˈmerɪkə]
1405,,13.0,American,adj.,美国的；美国人的 n. 美国人,[əˈmerɪkən]
1406,,15.0,Japan,n.,日本,[dʒə'pæn]
1407,,16.0,Japanese,adj.,日本的，日本人的，日语的 n. 日本人；日语,[ˌdʒæpəˈniːz]
1408,,17.0,Australia,n.,澳洲，澳大利亚,[ɒˈstreɪliə]
1409,,18.0,Australian,adj.,澳洲的；澳大利亚的 n. 澳大利亚人,[ɒˈstreɪliən]
1410,*,19.0,Britain,n.,英国；不列颠,[ˈbrɪtn]
1411,,20.0,British,adj.,英语的；大不列颠的；英国人的 n. 英国人,[ˈbrɪtɪʃ]
1412,,21.0,England,n.,英格兰,[ˈɪŋɡlənd]
1413,,22.0,English,adj.,英国的，英国人的，英语的 n. 英国人；英语,[ˈɪŋɡlɪʃ]
1414,,23.0,London,n.,伦敦,[ˈlʌndən]
1415,,24.0,German,n.,德国人，德语,[ˈdʒɜːmən]
1416,,25.0,Germany,n.,德国人,[ˈdʒɜːməni]
1417,,26.0,France,n.,法国,[ˈfrɑːns]
1418,,27.0,French,n.,法语 adj. 法国人的；法语的,[frentʃ]
1419,*,28.0,Russia,n.,俄罗斯，俄国,['rʌʃə]
1420,,29.0,Russian,adj.,俄国人的，俄语的 n. 俄国人；俄语,[ˈrʌʃn]
1421,,30.0,Canada,n.,加拿大,[ˈkænədə]
1422,,31.0,India,n.,印度,[ˈɪndɪə]
1423,,32.0,Indian,adj.,(美洲)印第安人的；印度人的 n. 印第安人,[ˈɪndiən]
1424,,33.0,Italy,n.,意大利,['ɪtəlɪ]
1425,,35.0,country,n.,国家；农村；乡下,[ˈkʌntri]
1426,,36.0,state,n.,国家；（美国的）州；状态；情形,[steɪt]
1427,,37.0,city,n.,城市，市，都市,[ˈsɪti]
1428,,38.0,capital,n.,首都，省会；大写；资本,[ˈkæpɪtl]
1429,*,39.0,international,adj.,国际的,[ˌɪntəˈnæʃnəl]
1430,,40.0,national,adj.,国家的，民族的，全国性的,[ˈnæʃnəl]
1431,,41.0,race,n.,赛跑，竞赛,[reɪs]
1432,,42.0,foreigner,n.,外国人,[ˈfɒrənə(r)]
1433,,43.0,Frenchman,n.,法国（男）人,[ˈfrentʃmən]
1435,,45.0,Paris,n.,巴黎,[ˈpærɪs]
1436,*,1.0,environment,n.,环境,[ɪnˈvaɪrənmənt]
1437,,2.0,clean,adj.,干净的，清洁的,[kliːn]
1438,,3.0,clear,adj.,明亮的；清楚的；清晰的,[klɪə(r)]
1439,,4.0,dirty,adj.,脏的,[ˈdɜːti]
1440,,5.0,tidy,adj.,整洁的，干净的,[ˈtaɪdi]
1441,,6.0,litter,v.,乱丢垃圾 n. 垃圾,[ˈlɪtə(r)]
1442,,7.0,noise,n.,噪声，声音，喧闹声,[nɔɪz]
1443,,8.0,noisy,adj.,喧闹的；嘈杂的,[ˈnɔɪzi]
1444,*,9.0,pollution,n.,污染,[pəˈluːʃn]
1445,,10.0,rubbish,n.,垃圾；废物,[ˈrʌbɪʃ]
1446,,11.0,waste,n.&, vt. 浪费,[weɪst]
1447,*,12.0,peace,n.,和平,[piːs]
1448,*,14.0,pond,n.,池塘,[pɒnd]
1449,,15.0,situation,n.,形势，情况,[ˌsɪtʃuˈeɪʃn]
1450,*,16.0,solid,adj.,结实的，固体的,[ˈsɒlɪd]
1451,,1.0,count,v.,数，点数,[kaʊnt]
1452,,2.0,half,adj.,一半的，不完全的，半途的,[hɑːf]
1453,,37.0,add,v.,添加，增加,[æd]
1454,,38.0,increase,v.&n.,增加，繁殖,"[ɪnˈkriːs , ˈɪŋkriːs]"
1455,,1.0,order,n.,顺序；命令；订购；订单,[ˈɔːdə(r)]
1458,,14.0,then,adv.,然后；当时，那时；那么（通常用于句首或句尾）,[ðen]
1459,,15.0,next,adv.,随后，然后，下一步,[nekst]
1460,,16.0,turn,n.,轮流，（轮流的）顺序 v.旋转；翻转,[tɜːn]
1461,,19.0,begin,v.,开始，着手,[bɪˈɡɪn]
1462,,20.0,start,v.,开始，着手；出发,[stɑːt]
1463,,21.0,end,n.,末点；终点,[end]
1464,,22.0,finish,v.,结束；做完,[ˈfɪnɪʃ]
1465,,1.0,kind,n.,种；类,[kaɪnd]
1466,,4.0,kilo,n.,千克,[ˈkiːləʊ]
1467,,5.0,size,n.,尺寸，大小,[saɪz]
1468,,6.0,copy,n.,一本（份、册……）；抄本，副本,[ˈkɒpi]
1469,,7.0,piece,n.,一块（片，张，件……）,[piːs]
1470,,8.0,pair,n.,一双，一对,[peə(r)]
1471,,9.0,weight,n.,重，重量,[weɪt]
1472,,10.0,height,n.,高，高度,[haɪt]
1473,*,11.0,inch,n.,英寸,[ɪntʃ]
1474,,1.0,point,n.,点；分数,[pɔɪnt]
1475,,2.0,quarter,n.,四分之一，一刻钟,[ˈkwɔːtə(r)]
1477,,6.0,bit,n.,一点，一些，少量的,[bɪt]
1478,,8.0,little,adj.,小的，少的,[ˈlɪtl]
1480,,12.0,many,adj.,许多的,[ˈmeni]
1481,,13.0,much,adj.&adv.,大量的，许多的；很，非常，更加,[mʌtʃ]
1482,*,15.0,plenty,n.,充足，大量,[ˈplenti]
1483,*,19.0,percent,n.,百分之……,[pəˈsɛnt]
1484,,20.0,double,adj.&n.,两倍的；双（的）,[ˈdʌbl]
1485,,21.0,single,adj.,单个的；单一的,[ˈsɪŋɡl]
1486,,22.0,enough,adv.,足够地；充足地 adj. 足够的；充足的,[ɪˈnʌf]
1487,,23.0,only,adj.,仅仅，只，才,[ˈəʊnli]
1488,,24.0,group,n.,组，群,[ɡruːp]
1489,,25.0,team,n.,队，组,[tiːm]
1490,,26.0,line,n.,排，行，线路，绳索，线,[laɪn]
1491,,27.0,twice,adv.,两倍；两次,[twaɪs]
1492,*,28.0,dozen,n.,十二个；几十，许多,[ˈdʌzn]
1493,,29.0,least,n.,最少，最少量,[liːst]
1494,*,30.0,package,n.,(尤指包装好或密封的容器)一包，一袋，一盒,[ˈpækɪdʒ]
1495,,1.0,metre,n.,米，公尺,[ˈmiːtə(r)]
1496,,2.0,kilometre ,n.,千米,[kɪˈlɒmɪtə(r)]
1497,,3.0,mile,n.,英里,[maɪl]
1498,,4.0,far,adj.&adv.,远的；远地,[fɑː(r)]
1499,,6.0,near,adj.,近的；附近的 adv. 附近，邻近,[nɪə(r)]
1500,,7.0,from,prep.,距；来自；从；从……起,[frəm]
1501,,11.0,reach,v.,到达；伸出（手、脚等）,[riːtʃ]
1502,,13.0,fast,adj.,快的，迅速的；紧密的,[fɑːst]
1503,,14.0,rapid,adj.,迅速的，快的,[ˈræpɪd]
1504,,15.0,quick,adj.,快的；敏捷的；急剧的,[kwɪk]
1505,,16.0,quickly,adv.,快地,[ˈkwɪkli]
1506,,17.0,slow,adj.,慢的，迟钝的，不活跃的；缓慢的,[sləʊ]
1507,,18.0,slowly,adv.,慢慢地；缓慢地,[ˈsləʊli]
1508,,19.0,fast,adj.&adv.,快的（地），迅速的（地），紧密的（地）,[fɑːst]
1509,,20.0,away,adv.,离开；远离,[əˈweɪ]
1510,*,21.0,immediately,adv.,立即,[ɪˈmiːdiətli]
1511,,22.0,speed,n.,速度,[spiːd]
1512,,1.0,nearly,adv.,将近，几乎,[ˈnɪəli]
1513,,2.0,almost,adv.,几乎，差不多,[ˈɔːlməʊst]
1514,*,3.0,seldom,adv.,很少，不常,[ˈseldəm]
1515,,4.0,about,adv.,大约（＝around）,[əˈbaʊt]
1516,,5.0,also,adv.,也,[ˈɔːlsəʊ]
1517,,6.0,too,adv.,也；还,[tuː]
1518,,7.0,yet,adv.,(用于否定句或短语后)也,[jet]
1519,,1.0,engineer,n.,工程师；技师,[ˌendʒɪˈnɪə(r)]
1520,,3.0,invention,n.,发明，创造,[ɪnˈvenʃn]
1521,,4.0,machine,n.,机器,[məˈʃiːn]
1522,,5.0,technology,n.,技术,[tekˈnɒlədʒi]
1523,,6.0,science,n.,科学，自然科学,[ˈsaɪəns]
1524,,7.0,scientific,adj.,科学的,[ˌsaɪənˈtɪfɪk]
1525,,8.0,scientist,n.,科学家,[ˈsaɪəntɪst]
1526,*,9.0,X ray,n.,X 射线,[ˈeks reɪ]
1527,*,10.0,clone,n.,克隆（无性繁殖出来的有机群体）,[kləʊn]
1528,*,12.0,spaceship,n.,宇宙飞船,[ˈspeɪsʃɪp]
1529,*,1.0,social,adj.,社会的；社交的,[ˈsəʊʃl]
1530,,2.0,society,n.,社会,[səˈsaɪəti]
1531,,3.0,ancient,adj.,古代的；古老的,[ˈeɪnʃənt]
1532,*,4.0,spread,v.,延伸；展开,[spred]
1533,,5.0,culture,n.,文化,[ˈkʌltʃə(r)]
1534,*,6.0,traditional,adj.,传统的，惯例的,[trəˈdɪʃənl]
1535,,7.0,war,n.,战争,[wɔː(r)]
1536,,1.0,question,n.,问题,[ˈkwestʃən]
1537,,2.0,answer,v.&n.,回答,[ˈɑːnsə(r)]
1538,,3.0,key,n.,答案；钥匙,[kiː]
1539,,4.0,reply,n.,回答，答复,[rɪˈplaɪ]
1540,,5.0,ask,v.,询问，问；请求，要求；邀请,[ɑːsk]
1541,,6.0,problem,n.,问题，难题,[ˈprɒbləm]
1542,,7.0,trouble,n.,问题，麻烦，疾病，烦恼,[ˈtrʌbl]
1543,,1.0,already,adv.,已经,[ɔːlˈredi]
1544,,2.0,ever,adv.,曾经；无论何时,[ˈevə(r)]
1545,,3.0,still,adv.,仍然，还,[stɪl]
1546,,4.0,yet,adv.,尚，还，仍然,[jet]
1547,,5.0,never,adv.,决不，从来没有,[ˈnevə(r)]
1548,,6.0,very,adv.,很，非常,[ˈveri]
1549,,7.0,rather,adv.,相当；宁可,"[ˈrɑːðə(r) , ˌrɑːˈðɜː(r)]"
1550,,8.0,quite,adv.,完全，十分,[kwaɪt]
1551,,9.0,even,adv.,甚至，连（……都）；更,[ˈiːvn]
1552,,10.0,too,adv.,太过分；很；非常，也，还；又,[tuː]
1553,,11.0,just,adv.,恰好；仅；刚才；不过,[dʒʌst]
1554,,12.0,only,adv.,仅仅，只，才,[ˈəʊnli]
1555,,13.0,so,adv.,如此；这么,[səʊ]
1556,,14.0,such,adv.,那么,[sʌtʃ]
1557,,15.0,like,prep.,像，跟……一样,[laɪk]
1558,,1.0,drop,v.,落下；掉下；投递；放弃,[drɒp]
1559,,2.0,try,v.,试图，试，努力,[traɪ]
1560,,3.0,join,v.,参加，加入；连接；会合,[dʒɔɪn]
1561,,4.0,cheer,n.&, vi. 欢呼；喝彩,[tʃɪə(r)]
1562,,6.0,exercise,n.&, vt. 锻炼，做操，练习，习题,[ˈeksəsaɪz]
1563,,1.0,win,v.,获胜，赢得,[wɪn]
1564,,2.0,winner,n.,获胜者,[ˈwɪnə(r)]
1565,*,3.0,victory,n.,胜利,[ˈvɪktəri]
1566,,4.0,beat,v.,敲打；跳动；打赢,[biːt]
1567,,6.0,success,n.,成功,[səkˈses]
1568,,7.0,successful,adj.,成功的，有成就的,[səkˈsesfl]
1569,,8.0,fail,v.,失败；不及格；衰退,[feɪl]
1570,,10.0,pass,v.,通过；传递；经过,[pɑːs]
1571,*,11.0,realise,v.,实现；认识到,[ˈrɪəlaɪz]
1572,,1.0,because,conj.,因为,[bɪˈkɒz]
1573,,4.0,cause,n.,原因，起因,[kɔːz]
1574,,6.0,fact,n.,事实，现实,[fækt]
1575,,7.0,real,adj.,真实的，确实的,[ˈriːəl]
1576,,8.0,true,adj.,真的，真实的；忠诚的,[truː]
1577,,9.0,truth,n.,真理，事实，真相，实际情况,[truːθ]
1578,,10.0,for,prep.,为了……；向……；在……；与……交换；适合……；因为……；,"[fɔː(r) , fə(r)]"
1579,,11.0,as,adv.&conj.,像……一样；同样；一样；如同；因为,"[æz , əz]"
1580,,12.0,since,conj.,从……以来，……以后，由于,[sɪns]
1581,,13.0,reason,n.,理由，原因,[ˈriːzn]
1582,,2.0,for,prep.,为了……；与……交换；因为…… conj. 因为；由于,"[fɔː(r) , fə(r)]"
1583,,3.0,so,conj.,因此；所以,[səʊ]
1584,,5.0,result,n.,结果，效果,[rɪˈzʌlt]
1585,,1.0,if,conj.,如果，假使；是否，是不是,[ɪf]
1586,,5.0,so,adv.,如此；这么,[səʊ]
1587,,7.0,different,adj.,不同的，有差异的,[ˈdɪfrənt]
1588,,9.0,difference,n.,不同,[ˈdɪfrəns]
1589,,11.0,than,conj.,比,"[ðæn , ðən]"
1590,*,15.0,similar,adj.,相似的，像；性格类似于；效仿,[ˈsɪmələ(r)]
1591,,17.0,fit,adj.,健康的，合适的 v. （使）适合，安装,[fɪt]
1592,,19.0,proper,adj.,恰当的，合适的,[ˈprɒpə(r)]
1593,,1.0,though,conj.,虽然，可是,[ðəʊ]
1594,,2.0,although,conj.,虽然，尽管,[ɔːlˈðəʊ]
1595,,4.0,whatever,conj.&n.,无论什么，不管什么,[wɒtˈevə(r)]
1596,,5.0,but,conj.,但是；可是,"[bət , bʌt]"
1597,,6.0,however,adv.,可是，然而，尽管如此 conj. 然而，可是,[haʊˈevə(r)]
0,,,selenium,,,[səˈliːniəm]
0,,,took,,,[tʊk]
0,,,were,,,[wə(r)]
0,,,here,,,[hɪə(r)]
0,,,there,,,[ðeə(r)]
0,,,where,,,[weə(r)]
0,,,cute,,,[kjuːt]
0,,,bath,,,[bɑːθ]
0,,,past,,,[pɑːst]
0,,,sharp,,,[ʃɑːp]
0,,,bar,,,[bɑː(r)]
0,,,tooth,,,[tuːθ]
0,,,wild,,,[waɪld]
0,,,hippo,,,[ˈhɪpəʊ]
0,,,come,,,[kʌm]
0,,,other,,,[ˈʌðə(r)]
0,,,no,,,"[nəʊ , nəʊz]"
0,,,those,,,[ðəʊz]
0,,,these,,,[ðiːz]
0,,,this,,,[ðɪs]
0,,,roof,,,[ruːf]
0,,,glue,,,[ɡluː]
0,,,clue,,,[kluː]
0,,,sugar,,,[ˈʃʊɡə(r)]
0,,,bull,,,[bʊl]
0,,,run,,,[rʌn]
0,,,does,,,[dʌz]
0,,,some,,,"[səm , sʌm]"
0,,,won,,,[wʌn]
0,,,hop,,,[hɒp]
0,,,any,,,[ˈeni]
0,,,went,,,[went]
0,,,peach,,,[piːtʃ]
0,,,bean,,,[piːtʃ]
0,,,fifteen,,,[ˌfɪfˈtiːn]
0,,,five,,,[faɪv]
0,,,off,,,[ɒf]
0,,,lights,,,[laɪts]
0,,,parts,,,[pɑːts]
0,,,rabbits,,,[ˈræbɪts]
0,,,boats,,,[bəʊts]
0,,,beds,,,[bedz]
0,,,hands,,,[hændz]
0,,,clouds,,,[klaʊdz]
0,,,cards,,,[kɑːdz]
0,,,waiter,,,[ˈweɪtə(r)]
0,,,along,,,[əˈlɒŋ]
0,,,supper,,,[ˈsʌpə(r)]
0,,,number,,,[ˈnʌmbə(r)]
0,,,tall,,,[tɔːl]
0,,,three,,,[θriː]
0,,,happy,,,[ˈhæpi]
0,,,fifty,,,[ˈfɪfti]
0,,,teeth,,,[tiːθ]
0,,,autumn,,,[ˈɔːtəm]
0,,,August,,,[ˈɔːɡəst]
0,,,her,,,[hə(r)]
0,,,writer,,,[ˈraɪtə(r)]
0,,,each,,,[iːtʃ]
0,,,champion,,,[ˈtʃæmpiən]
0,,,age,,,[eɪdʒ]
0,,,television,,,[ˈtelɪvɪʒn]
0,,,would,,,"[wʊd , wəd]"
0,,,he,,,"[hi , hiː]"
0,,,me,,,[mi]
0,,,we,,,[wi; wiː]
0,,,saw,,,[sɔː]
0,,,colour,,,[ˈkʌlə(r)]
0,,,young,,,[jʌŋ]
0,,,date,,,[deɪt]
0,,,coo,,,[kuː]
0,,,l,,,[el]
0,,,C,,,[siː]
0,,,feet,,,[fiːt]
0,,,third,,,[θɜːd]
0,,,birthday,,,[ˈbɜːθdeɪ]
0,,,overcome,,,[ˌəʊvəˈkʌm]
0,,,how,,,[haʊ]
0,,,what,,,[wɒt]
0,,,snow,,,[snəʊ]
0,,,birth,,,[bɜːθ]
0,,,born,,,[bɔːn]
0,,,background,,,[ˈbækɡraʊnd]
0,,,fat,,,[fæt]
0,,,lazy,,,[ˈleɪzi]
0,,,friendly,,,[ˈfrendli]
0,,,shy,,,[ʃaɪ]
0,,,brave,,,[breɪv]
0,,,honest,,,[ˈɒnɪst]
0,,,policeman,,,[pəˈliːsmən]
0,,,policewoman,,,[pəˈliːswʊmən]
0,,,regard,,,[rɪˈɡɑːd]
0,,,labour,,,[ˈleɪbə(r)]
0,,,magazine,,,[ˌmæɡəˈziːn]
0,,,maths,,,[mæθs]
0,,,favourite,,,[ˈfeɪvərɪt]
0,,,expect,,,[ɪkˈspekt]
0,,,surprise,,,[səˈpraɪz]
0,,,public,,,[ˈpʌblɪk]
0,,,goodbye,,,[ˌɡʊdˈbaɪ]
0,,,Monday,,,[ˈmʌndeɪ]
0,,,Tuesday,,,[ˈtjuːzdeɪ]
0,,,Wednesday,,,[ˈwenzdeɪ]
0,,,Thursday,,,[ˈθɜːzdeɪ]
0,,,Friday,,,[ˈfraɪdeɪ]
0,,,Saturday,,,[ˈsætədeɪ]
0,,,Sunday,,,[ˈsʌndeɪ]
0,,,January,,,[ˈdʒænjuəri]
0,,,February,,,[ˈfebruəri]
0,,,March,,,[mɑːtʃ]
0,,,April,,,[ˈeɪprəl]
0,,,May,,,[meɪ]
0,,,June,,,[dʒuːn]
0,,,July,,,[dʒuˈlaɪ]
0,,,September,,,[sepˈtembə(r)]
0,,,October,,,[ɒkˈtəʊbə(r)]
0,,,November,,,[nəʊˈvembə(r)]
0,,,December,,,[dɪˈsembə(r)]
0,,,jacket,,,[ˈdʒækɪt]
0,,,salt,,,[sɔːlt]
0,,,foot,,,[fʊt]
0,,,windy,,,[ˈwɪndi]
0,,,season,,,[ˈsiːzn]
0,,,summer,,,[ˈsʌmə(r)]
0,,,winter,,,[ˈwɪntə(r)]
0,,,several,,,[ˈsevrəl]
0,,,few,,,[fjuː]
0,,,kilometre,,,[kɪˈlɒmɪtə(r)]
0,,,arrive,,,[əˈraɪv]
0,,,encourage,,,[ɪnˈkʌrɪdʒ]
0,,,textbook,,,[ˈtekstbʊk]
0,,,restless,,,[ˈrestləs]
0,,,best,,,[best]
0,,,vest,,,[vest]
0,,,restroom,,,[ˈrestruːm]
0,,,harvest,,,[ˈhɑːvɪst]
0,,,discount,,,[ˈdɪskaʊnt]
0,,,mount,,,[maʊnt]
0,,,witch,,,[wɪtʃ]
0,,,found,,,[faʊnd]
0,,,surround,,,[səˈraʊnd]
0,,,surrounding,,,[səˈraʊndɪŋ]
0,,,realize,,,[ˈriːəlaɪz]
0,,,really,,,[ˈriːəli]
0,,,alarm,,,[əˈlɑːm]
0,,,farmland,,,[ˈfɑːmlænd]
0,,,farther,,,[ˈfɑːðə(r)]
0,,,farthest,,,[ˈfɑːðɪst]
0,,,farming,,,[ˈfɑːmɪŋ]
0,,,less,,,[les]
0,,,reasonable,,,[ˈriːznəbl]
0,,,personally,,,[ˈpɜːsənəli]
0,,,string,,,[strɪŋ]
0,,,belong,,,[bɪˈlɒŋ]
0,,,delete,,,[dɪˈliːt]
0,,,gatekeeper,,,[ˈɡeɪtkiːpə(r)]
0,,,delegate,,,[ˈdelɪɡət]
0,,,engine,,,[ˈendʒɪn]
0,,,cheese,,,[tʃiːz]
0,,,cheerful,,,[ˈtʃɪəfl]
0,,,beer,,,[bɪə(r)]
0,,,neither,,,[ˈnaɪðə(r)]
0,,,neighbourhood,,,[ˈneɪbəhʊd]
0,,,motherland,,,[ˈmʌðəlænd]
0,,,either,,,[ˈaɪðə(r)]
0,,,another,,,[əˈnʌðə(r)]
0,,,outline,,,[ˈaʊtlaɪn]
0,,,outside,,,"[ˌaʊtˈsaɪd , ˈaʊtsaɪd]"
0,,,outlook,,,[ˈaʊtlʊk]
0,,,out,,,[aʊt]
0,,,doormat,,,[ˈdɔːmæt]
0,,,sprout,,,[spraʊt]
0,,,outdoor,,,[ˈaʊtdɔː(r)]
0,,,user,,,[ˈjuːzə(r)]
0,,,used,,,"[juːzd , juːst]"
0,,,pause,,,[pɔːz]
0,,,useless,,,[ˈjuːsləs]
0,,,blouse,,,[blaʊz]
0,,,Easter,,,[ˈiːstə(r)]
0,,,leaflet,,,[ˈliːflət]
0,,,lead,,,"[liːd , led]"
0,,,league,,,[liːɡ]
0,,,teapot,,,[ˈtiːpɒt]
0,,,teamwork,,,[ˈtiːmwɜːk]
0,,,ready,,,[ˈredi]
0,,,new,,,[njuː]
0,,,snowman,,,[ˈsnəʊmæn]
0,,,renew,,,[rɪˈnjuː]
0,,,headmaster,,,[ˌhedˈmɑːstə(r)]
0,,,unhealthy,,,[ʌnˈhelθi]
0,,,heal,,,[hiːl]
0,,,heavy,,,[ˈhevi]
0,,,colorful,,,[ˈkʌləfl]
0,,,your,,,[jɔː(r)]
0,,,yourself,,,[jɔːˈself]
0,,,yourselves,,,[jɔːˈsɛlvz]
0,,,four,,,[fɔː(r)]
0,,,fourteen,,,[ˌfɔːˈtiːn]
0,,,forty,,,[ˈfɔːti]
0,,,fourth,,,[fɔːθ]
0,,,our,,,"[ˈaʊə(r) , ɑː(r)]"
0,,,flour,,,[ˈflaʊə(r)]
0,,,sweat,,,[swet]
0,,,seaside,,,[ˈsiːsaɪd]
0,,,seal,,,[siːl]
0,,,steam,,,[stiːm]
0,,,grandfather,,,[ˈɡrænfɑːðə(r)]
0,,,grand,,,[ɡrænd]
0,,,feather,,,[ˈfeðə(r)]
0,,,whether,,,[ˈweðə(r)]
0,,,leather,,,[ˈleðə(r)]
0,,,steer,,,[stɪə(r)]
0,,,jeep,,,[dʒiːp]
0,,,steep,,,[stiːp]
0,,,step,,,[step]
0,,,eight,,,[eɪt]
0,,,eighteen,,,[ˌeɪˈtiːn]
0,,,eighty,,,[ˈeɪti]
0,,,eighth,,,[eɪtθ]
0,,,daylight,,,[ˈdeɪlaɪt]
0,,,flight,,,[flaɪt]
0,,,sunlight,,,[ˈsʌnlaɪt]
0,,,moor,,,[mɔː(r)]
0,,,delight,,,[dɪˈlaɪt]
0,,,moonlight,,,[ˈmuːnlaɪt]
0,,,delighted,,,[dɪˈlaɪtɪd]
0,,,mooncake,,,['mu:nkeɪk]
0,,,brightly,,,[ˈbraɪtli]
0,,,fright,,,[fraɪt]
0,,,straight,,,[streɪt]
0,,,frighten,,,[ˈfraɪtn]
0,,,frightened,,,[ˈfraɪtnd]
0,,,fighting,,,[ˈfaɪtɪŋ]
0,,,herself,,,[hɜːˈself]
0,,,hers,,,[hɜːz]
0,,,wherever,,,[weərˈevə(r)]
0,,,somewhere,,,[ˈsʌmweə(r)]
0,,,anywhere,,,[ˈeniweə(r)]
0,,,schoolboy,,,[ˈskuːlbɔɪ]
0,,,fool,,,[fuːl]
0,,,schoolyard,,,[ˈskuːljɑːd]
0,,,uncooked,,,[ˌʌnˈkʊkt]
0,,,woolen,,,[ˈwʊlən]
0,,,wool,,,[wʊl]
0,,,wooden,,,[ˈwʊdn]
0,,,roster,,,[ˈrɒstə(r)]
0,,,root,,,[ruːt]
0,,,flood,,,[flʌd]
0,,,goodness,,,[ˈɡʊdnəs]
0,,,bloom,,,[bluːm]
0,,,directly,,,[dəˈrektli]
0,,,tiring,,,[ˈtaɪərɪŋ]
0,,,tire,,,[ˈtaɪə(r)]
0,,,fireplace,,,[ˈfaɪəpleɪs]
0,,,cracker,,,[ˈkrækə(r)]
0,,,firework,,,[ˈfaɪəwɜːk]
0,,,firecracker,,,[ˈfaɪəkrækə(r)]
0,,,wardrobe,,,[ˈwɔːdrəʊb]
0,,,ward,,,[wɔːd]
0,,,hardworking,,,[ˈhɑːdˌwɜːkɪŋ]
0,,,harm,,,[hɑːm]
0,,,greet,,,[ɡriːt]
0,,,greenhouse,,,[ˈɡriːnhaʊs]
0,,,stress,,,[stres]
0,,,grey,,,[ɡreɪ]
0,,,addition,,,[əˈdɪʃn]
0,,,impression,,,[ɪmˈpreʃn]
0,,,impress,,,[ɪmˈpres]
0,,,press,,,[pres]
0,,,actress,,,[ˈæktrəs]
0,,,tractor,,,[ˈtræktə(r)]
0,,,actually,,,[ˈæktʃuəli]
0,,,attack,,,[əˈtæk]
0,,,attract,,,[əˈtrækt]
0,,,mike,,,[maɪk]
0,,,milkman,,,[ˈmɪlkmən]
0,,,Englishman,,,[ˈɪŋɡlɪʃmən]
0,,,men,,,[men]
0,,,women,,,[ˈwɪmɪn]
0,,,mend,,,[mend]
0,,,turtle,,,[ˈtɜːtl]
0,,,return,,,[rɪˈtɜːn]
0,,,turning,,,[ˈtɜːnɪŋ]
0,,,burnt,,,[bɜːnt]
0,,,bury,,,[ˈberi]
0,,,bone,,,[bəʊn]
0,,,none,,,[nʌn]
0,,,one,,,[wʌn]
0,,,stop,,,[stɒp]
0,,,more,,,[mɔː(r)]
0,,,thing,,,[θɪŋ]
0,,,chick,,,[tʃɪk]
0,,,click,,,[klɪk]
0,,,locked,,,[lɒkt]
0,,,unlock,,,[ˌʌnˈlɒk]
0,,,racket,,,[ˈrækɪt]
0,,,bracket,,,[ˈbrækɪt]
0,,,rocket,,,[ˈrɒkɪt]
0,,,stocking,,,[ˈstɒkɪŋ]
0,,,sock,,,[sɒk]
0,,,shock,,,[ʃɒk]
0,,,shocked,,,[ʃɒkt]
0,,,track,,,[træk]
0,,,backpack,,,[ˈbækpæk]
0,,,blank,,,[blæŋk]
0,,,pack,,,[pæk]
0,,,blink,,,[blɪŋk]
0,,,paddle,,,[ˈpædl]
0,,,artist,,,[ˈɑːtɪst]
0,,,chart,,,[tʃɑːt]
0,,,carrot,,,[ˈkærət]
0,,,carve,,,[kɑːv]
0,,,careless,,,[ˈkeələs]
0,,,watchtower,,,[ˈwɒtʃtaʊə(r)]
0,,,math,,,[mæθ]
0,,,power,,,[ˈpaʊə(r)]
0,,,dive,,,[daɪv]
0,,,diver,,,[ˈdaɪvə(r)]
0,,,thick fog,,,[θɪk fɒɡ]
0,,,think about,,,[θɪŋk əˈbaʊt]
0,,,think of,,,[θɪŋk ɒv]
0,,,old,,,[əʊld]
0,,,bold,,,[bəʊld]
0,,,golf,,,[ɡɒlf]
0,,,ending,,,[ˈendɪŋ]
0,,,unfriendly,,,[ʌnˈfrendli]
0,,,shopping,,,[ˈʃɒpɪŋ]
0,,,shot,,,[ʃɒt]
0,,,showery,,,[ˈʃaʊəri]
0,,,shoot,,,[ʃuːt]
0,,,boating,,,[ˈbəʊtɪŋ]
0,,,goal,,,[ɡəʊl]
0,,,cafe,,,[ˈkæfeɪ]
0,,,bake,,,[beɪk]
0,,,ballet,,,[ˈbæleɪ]
0,,,shall,,,"[ʃæl , ʃəl]"
0,,,call,,,[kɔːl]
0,,,all,,,[ɔːl]
0,,,swallow,,,[ˈswɒləʊ]
0,,,wallet,,,[ˈwɒlɪt]
0,,,port,,,[pɔːt]
0,,,transport,,,"[ˈtrænspɔːt , trænˈspɔːt]"
0,,,transportation,,,[ˌtrænspɔːˈteɪʃn]
0,,,rate,,,[reɪt]
0,,,lately,,,[ˈleɪtli]
0,,,latest,,,[ˈleɪtɪst]
0,,,water polo,,,[ˈwɔːtə pəʊləʊ]
0,,,waterfall,,,[ˈwɔːtəfɔːl]
0,,,politely,,,[pə'laɪtli]
0,,,sickly,,,[ˈsɪkli]
0,,,tick,,,[tɪk]
0,,,chopstick,,,[ˈtʃɒpstɪk]
0,,,online,,,[ˌɒnˈlaɪn]
0,,,mine,,,[maɪn]
0,,,living,,,[ˈlɪvɪŋ]
0,,,whenever,,,[wenˈevə(r)]
0,,,hey,,,[heɪ]
0,,,they,,,[ðeɪ]
0,,,them,,,[ðəm]
0,,,themselves,,,[ðəmˈselvz]
0,,,theme,,,[θiːm]
0,,,iceberg,,,[ˈaɪsbɜːɡ]
0,,,icon,,,[ˈaɪkɒn]
0,,,could,,,"[kʊd , kəd]"
0,,,workplace,,,[ˈwɜːkpleɪs]
0,,,should,,,"[ʃʊd , ʃəd]"
0,,,workshop,,,[ˈwɜːkʃɒp]
0,,,tourist,,,[ˈtʊərɪst]
0,,,tourism,,,[ˈtʊərɪzəm]
0,,,label,,,[ˈleɪbl]
0,,,pour,,,[pɔː(r)]
0,,,ours,,,[ɑːz]
0,,,ourselves,,,[ɑːˈselvz]
0,,,sightseeing,,,[ˈsaɪtsiːɪŋ]
0,,,midnight,,,[ˈmɪdnaɪt]
0,,,nightmare,,,[ˈnaɪtmeə(r)]
0,,,tight,,,[taɪt]
0,,,aeroplane,,,[ˈeərəpleɪn]
0,,,plane,,,[pleɪn]
0,,,delay,,,[dɪˈleɪ]
0,,,relation,,,[rɪˈleɪʃn]
0,,,relative,,,[ˈrelətɪv]
0,,,relay,,,[ˈriːleɪ]
0,,,galaxy,,,[ˈɡæləksi]
0,,,relaxing,,,[rɪˈlæksɪŋ]
0,,,bookshop,,,[ˈbʊkʃɒp]
0,,,bookmark,,,[ˈbʊkmɑːk]
0,,,bush,,,[bʊʃ]
0,,,boot,,,[buːt]
0,,,guidebook,,,[ˈɡaɪdbʊk]
0,,,guide,,,[ɡaɪd]
0,,,partner,,,[ˈpɑːtnə(r)]
0,,,apart,,,[əˈpɑːt]
0,,,depart,,,[dɪˈpɑːt]
0,,,department,,,[dɪˈpɑːtmənt]
0,,,shark,,,[ʃɑːk]
0,,,shook,,,[ʃʊk]
0,,,sharpener,,,[ˈʃɑːpnə(r)]
0,,,motorbike,,,[ˈməʊtəbaɪk]
0,,,bike,,,[baɪk]
0,,,dislike,,,[dɪsˈlaɪk]
0,,,alike,,,[əˈlaɪk]
0,,,unlike,,,[ˌʌnˈlaɪk]
0,,,mainland,,,[ˈmeɪnlænd]
0,,,mailbox,,,[ˈmeɪlbɒks]
0,,,mainly,,,[ˈmeɪnli]
0,,,painful,,,[ˈpeɪnfl]
0,,,painting,,,[ˈpeɪntɪŋ]
0,,,painter,,,[ˈpeɪntə(r)]
0,,,angel,,,[ˈeɪndʒl]
0,,,skip,,,[skɪp]
0,,,ski,,,[skiː]
0,,,skin,,,[skɪn]
0,,,shore,,,[ʃɔː(r)]
0,,,smelly,,,[ˈsmeli]
0,,,seller,,,[ˈselə(r)]
0,,,spelling,,,[ˈspelɪŋ]
0,,,teenager,,,[ˈtiːneɪdʒə(r)]
0,,,teenage,,,[ˈtiːneɪdʒ]
0,,,villager,,,[ˈvɪlɪdʒə(r)]
0,,,washroom,,,[ˈwɒʃruːm]
0,,,Washington,,,[ˈwɒʃɪŋtən]
0,,,cash,,,[kæʃ]
0,,,crash,,,[kræʃ]
0,,,broom,,,[bruːm]
0,,,stare,,,[steə(r)]
0,,,statement,,,[ˈsteɪtmənt]
0,,,stage,,,[steɪdʒ]
0,,,stay,,,[steɪ]
0,,,wildlife,,,[ˈwaɪldlaɪf]
0,,,lifetime,,,[ˈlaɪftaɪm]
0,,,sink,,,[sɪŋk]
0,,,cleaner,,,[ˈkliːnə(r)]
0,,,earlier,,,[ˈɜːlɪə]
0,,,clearly,,,[ˈklɪəli]
0,,,earthquake,,,[ˈɜːθkweɪk]
0,,,severely,,,[sɪ'vɪə(r)li]
0,,,everybody,,,[ˈevribɒdi]
0,,,everything,,,[ˈevriθɪŋ]
0,,,everywhere,,,[ˈevriweə(r)]
0,,,govern,,,[ˈɡʌvn]
0,,,poverty,,,[ˈpɒvəti]
0,,,novel,,,[ˈnɒvl]
0,,,moving,,,[ˈmuːvɪŋ]
0,,,move,,,[muːv]
0,,,globe,,,[ɡləʊb]
0,,,memorial,,,[məˈmɔːriəl]
0,,,loudly,,,[ˈlaʊdli]
0,,,aloud,,,[əˈlaʊd]
0,,,loudspeaker,,,[ˌlaʊdˈspiːkə(r)]
0,,,following,,,[ˈfɒləʊɪŋ]
0,,,bow,,,"[baʊ , bəʊ]"
0,,,crowded,,,[ˈkraʊdɪd]
0,,,thrown,,,[θrəʊn]
0,,,crop,,,[krɒp]
0,,,row,,,"[rəʊ , raʊ]"
0,,,narrow,,,[ˈnærəʊ]
0,,,arrow,,,[ˈærəʊ]
0,,,sparrow,,,[ˈspærəʊ]
0,,,cookie,,,[ˈkʊki]
0,,,modem,,,[ˈməʊdem]
0,,,smoker,,,[ˈsməʊkə(r)]
0,,,smog,,,[smɒɡ]
0,,,broke,,,[brəʊk]
0,,,broken,,,[ˈbrəʊkən]
0,,,sob,,,[sɒb]
0,,,rob,,,[rɒb]
0,,,robbery,,,[ˈrɒbəri]
0,,,robber,,,[ˈrɒbə(r)]
0,,,complain,,,[kəmˈpleɪn]
0,,,compete,,,[kəmˈpiːt]
0,,,explore,,,[ɪkˈsplɔː(r)]
0,,,explorer,,,[ɪkˈsplɔːrə(r)]
0,,,rub,,,[rʌb]
0,,,rude,,,[ruːd]
0,,,cheater,,,[ˈtʃiːtə]
0,,,chef,,,[ʃef]
0,,,unless,,,[ənˈles]
0,,,paw,,,[pɔː]
0,,,awful,,,[ˈɔːfl]
0,,,which,,,[wɪtʃ]
0,,,whisper,,,[ˈwɪspə(r)]
0,,,bite,,,[baɪt]
0,,,orbit,,,[ˈɔːbɪt]
0,,,invitation,,,[ˌɪnvɪˈteɪʃn]
0,,,underneath,,,[ˌʌndəˈniːθ]
0,,,undersea,,,没找到音标
0,,,ladder,,,[ˈlædə(r)]
0,,,self,,,[self]
0,,,myself,,,[maɪˈself]
0,,,she,,,[ʃi]
0,,,shell,,,[ʃel]
0,,,selfish,,,[ˈselfɪʃ]
0,,,shellfish,,,[ˈʃelfɪʃ]
0,,,itself,,,[ɪtˈself]
0,,,its,,,[ɪts]
0,,,it,,,[ɪt]
0,,,Italian,,,[ɪˈtæliən]
0,,,comparative,,,[kəmˈpærətɪv]
0,,,are,,,"[ɑː(r) , eə(r)]"
0,,,dare,,,[deə(r)]
0,,,comparison,,,[kəmˈpærɪsn]
0,,,trade,,,[treɪd]
0,,,tradition,,,[trəˈdɪʃn]
0,,,conductor,,,[kənˈdʌktə(r)]
0,,,panic,,,[ˈpænɪk]
0,,,pan,,,"[pæn , pɑːn]"
0,,,chin,,,[tʃɪn]
0,,,writing,,,[ˈraɪtɪŋ]
0,,,wrist,,,[rɪst]
0,,,rewrite,,,"[ˈriːraɪt , ˌriːˈraɪt]"
0,,,risky,,,[ˈrɪski]
0,,,corn,,,[kɔːn]
0,,,worst,,,[wɜːst]
0,,,worm,,,[wɜːm]
0,,,worse,,,[wɜːs]
0,,,warmth,,,[wɔːmθ]
0,,,worn,,,[wɔːn]
0,,,waitress,,,[ˈweɪtrəs]
0,,,waist,,,[weɪst]
0,,,waiting,,,[ˈweɪtɪŋ]
0,,,anyway,,,[ˈeniweɪ]
0,,,anything,,,[ˈeniθɪŋ]
0,,,anybody,,,[ˈenibɒdi]
0,,,anyone,,,[ˈeniwʌn]
0,,,anytime,,,[ˈɛniˌtaɪm]
0,,,opposite,,,[ˈɒpəzɪt]
0,,,sit,,,[sɪt]
0,,,sixty,,,[ˈsɪksti]
0,,,sixth,,,[sɪksθ]
0,,,sixteen,,,[ˌsɪksˈtiːn]
0,,,six,,,[sɪks]
0,,,fifth,,,[fɪfθ]
0,,,twelve,,,[twelv]
0,,,twelfth,,,[twelfθ]
0,,,badly,,,[ˈbædli]
0,,,badminton,,,[ˈbædmɪntən]
0,,,bet,,,[bet]
0,,,beg,,,[beɡ]
0,,,beginning,,,[bɪˈɡɪnɪŋ]
0,,,thirteen,,,[ˌθɜːˈtiːn]
0,,,thirty,,,[ˈθɜːti]
0,,,naughty,,,[ˈnɔːti]
0,,,lunchtime,,,[ˈlʌntʃtaɪm]
0,,,launch,,,[lɔːntʃ]
0,,,tough,,,[tʌf]
0,,,sadly,,,[ˈsædli]
0,,,parliament,,,[ˈpɑːləmənt]
0,,,beyond,,,[bɪˈjɒnd]
0,,,obey,,,[əˈbeɪ]
0,,,secondhand,,,['sekənd'hænd]
0,,,recognize,,,[ˈrekəɡnaɪz]
0,,,backyard,,,[ˌbækˈjɑːd]
0,,,necklace,,,[ˈnekləs]
0,,,deserve,,,[dɪˈzɜːv]
0,,,desert,,,"[ˈdezət , dɪˈzɜːt]"
0,,,reserve,,,[rɪˈzɜːv]
0,,,properly,,,[ˈprɒpəli]
0,,,chips,,,[tʃɪps]
0,,,challenge,,,[ˈtʃælɪndʒ]
0,,,chill,,,[tʃɪl]
0,,,prefer,,,[prɪˈfɜː(r)]
0,,,predict,,,[prɪˈdɪkt]
0,,,strike,,,[straɪk]
0,,,librarian,,,[laɪˈbreəriən]
0,,,vocabulary,,,[vəˈkæbjələri]
0,,,blues,,,[bluːz]
0,,,junior,,,[ˈdʒuːniə(r)]
0,,,senior,,,[ˈsiːniə(r)]
0,,,daytime,,,[ˈdeɪtaɪm]
0,,,midday,,,[ˌmɪdˈdeɪ]
0,,,intonation,,,[ˌɪntəˈneɪʃn]
0,,,into,,,[ˈɪntu]
0,,,nation,,,[ˈneɪʃn]
0,,,onion,,,[ˈʌnjən]
0,,,onto,,,[ˈɒntə]
0,,,unpopular,,,[ʌnˈpɒpjələ(r)]
0,,,punctuation,,,[ˌpʌŋktʃuˈeɪʃn]
0,,,cabin,,,[ˈkæbɪn]
0,,,cable,,,[ˈkeɪbl]
0,,,unable,,,[ʌnˈeɪbl]
0,,,believable,,,[bɪˈliːvəbl]
0,,,belief,,,[bɪˈliːf]
0,,,thief,,,[θiːf]
0,,,comfort,,,[ˈkʌmfət]
0,,,uncomfortable,,,[ʌnˈkʌmftəbl]
0,,,unforgettable,,,[ˌʌnfəˈɡetəbl]
0,,,suitable,,,[ˈsuːtəbl]
0,,,suit,,,[suːt]
0,,,terrific,,,[təˈrɪfɪk]
0,,,terrorist,,,[ˈterərɪst]
0,,,design,,,[dɪˈzaɪn]
0,,,destination,,,[ˌdestɪˈneɪʃn]
0,,,destroy,,,[dɪˈstrɔɪ]
0,,,description,,,[dɪˈskrɪpʃn]
0,,,inject,,,[ɪnˈdʒekt]
0,,,project,,,"[ˈprɒdʒekt , prəˈdʒekt]"
0,,,injection,,,[ɪnˈdʒekʃn]
0,,,protection,,,[prəˈtekʃn]
0,,,adjective,,,[ˈædʒɪktɪv]
0,,,tailor,,,[ˈteɪlə(r)]
0,,,sailor,,,[ˈseɪlə(r)]
0,,,sailing,,,[ˈseɪlɪŋ]
0,,,jumper,,,[ˈdʒʌmpə(r)]
0,,,pumpkin,,,[ˈpʌmpkɪn]
0,,,porridge,,,[ˈpɒrɪdʒ]
0,,,hedge,,,[hedʒ]
0,,,judge,,,[dʒʌdʒ]
0,,,inspect,,,[ɪnˈspekt]
0,,,inspector,,,[ɪnˈspektə(r)]
0,,,insect,,,[ˈɪnsekt]
0,,,experience,,,[ɪkˈspɪəriəns]
0,,,expert,,,[ˈekspɜːt]
0,,,rim,,,[rɪm]
0,,,himself,,,[hɪmˈself]
0,,,him,,,[hɪm]
0,,,swimsuit,,,[ˈswɪmsuːt]
0,,,collapse,,,[kəˈlæps]
0,,,collection,,,[kəˈlekʃn]
0,,,pea,,,[piː]
0,,,per,,,[pə(r)]
0,,,disappear,,,[ˌdɪsəˈpɪə(r)]
0,,,disappearance,,,[ˌdɪsəˈpɪərəns]
0,,,nearby,,,[ˌnɪəˈbaɪ]
0,,,penfriend,,,[ˈpenfrend]
0,,,penguin,,,[ˈpeŋɡwɪn]
0,,,unhappy,,,[ʌnˈhæpi]
0,,,opera,,,[ˈɒprə]
0,,,happily,,,[ˈhæpɪli]
0,,,operate,,,[ˈɒpəreɪt]
0,,,pole,,,[pəʊl]
0,,,roller,,,[ˈrəʊlə(r)]
0,,,decoration,,,[ˌdekəˈreɪʃn]
0,,,frustrated,,,[frʌˈstreɪtɪd]
0,,,grateful,,,[ˈɡreɪtfl]
0,,,decorate,,,[ˈdekəreɪt]
0,,,frustrate,,,[frʌˈstreɪt]
0,,,grate,,,[ɡreɪt]
0,,,centigrade,,,[ˈsentɪɡreɪd]
0,,,grace,,,[ɡreɪs]
0,,,celebration,,,[ˌselɪˈbreɪʃn]
0,,,rare,,,[reə(r)]
0,,,bare,,,[beə(r)]
0,,,software,,,[ˈsɒftweə(r)]
0,,,scary,,,[ˈskeəri]
0,,,scare,,,[skeə(r)]
0,,,softball,,,[ˈsɒftbɔːl]
0,,,drugstore,,,[ˈdrʌɡstɔː(r)]
0,,,somebody,,,[ˈsʌmbədi]
0,,,something,,,[ˈsʌmθɪŋ]
0,,,someone,,,[ˈsʌmwʌn]
0,,,sometime,,,[ˈsʌmtaɪm]
0,,,came,,,[keɪm]
0,,,sample,,,[ˈsɑːmpl]
0,,,same,,,[seɪm]
0,,,information,,,[ˌɪnfəˈmeɪʃn]
0,,,platform,,,[ˈplætfɔːm]
0,,,inform,,,[ɪnˈfɔːm]
0,,,performance,,,[pəˈfɔːməns]
0,,,perform,,,[pəˈfɔːm]
0,,,seventy,,,[ˈsevnti]
0,,,eleven,,,[ɪˈlevn]
0,,,seven,,,[ˈsevn]
0,,,seventh,,,[ˈsevnθ]
0,,,event,,,[ɪˈvent]
0,,,interested,,,[ˈɪntrəstɪd]
0,,,internet,,,[ˈɪntənet]
0,,,revision,,,[rɪˈvɪʒn]
0,,,revise,,,[rɪˈvaɪz]
0,,,view,,,[vjuː]
0,,,sunrise,,,[ˈsʌnraɪz]
0,,,surprised,,,[səˈpraɪzd]
0,,,surprising,,,[səˈpraɪzɪŋ]
0,,,practical,,,[ˈpræktɪkl]
0,,,contract,,,"[ˈkɒntrækt , kənˈtrækt]"
0,,,contribute,,,[kənˈtrɪbjuːt]
0,,,confidence,,,[ˈkɒnfɪdəns]
0,,,audience,,,[ˈɔːdiəns]
0,,,confident,,,[ˈkɒnfɪdənt]
0,,,silently,,,[ˈsaɪləntli]
0,,,crossing,,,[ˈkrɒsɪŋ]
0,,,across,,,[əˈkrɒs]
0,,,toss,,,[tɒs]
0,,,fossil,,,[ˈfɒsl]
0,,,permit,,,"[pəˈmɪt , ˈpɜːmɪt]"
0,,,permission,,,[pəˈmɪʃn]
0,,,document,,,"[ˈdɒkjumənt , ˈdɒkjument]"
0,,,commission,,,[kəˈmɪʃn]
0,,,committee,,,[kəˈmɪti]
0,,,crag,,,[kræɡ]
0,,,dragon,,,[ˈdræɡən]
0,,,trap,,,[træp]
0,,,wrap,,,[ræp]
0,,,spoil,,,[spɔɪl]
0,,,solution,,,[səˈluːʃn]
0,,,soil,,,[sɔɪl]
0,,,solo,,,[ˈsəʊləʊ]
0,,,solve,,,[sɒlv]
0,,,solar,,,[ˈsəʊlə(r)]
0,,,polar,,,[ˈpəʊlə(r)]
0,,,digital,,,[ˈdɪdʒɪtl]
0,,,electricity,,,[ɪˌlekˈtrɪsəti]
0,,,electronic,,,[ɪˌlekˈtrɒnɪk]
0,,,spit,,,[spɪt]
0,,,topic,,,[ˈtɒpɪk]
0,,,comb,,,[kəʊm]
0,,,tomb,,,[tuːm]
0,,,nobody,,,[ˈnəʊbədi]
0,,,nothing,,,[ˈnʌθɪŋ]
0,,,nor,,,[nɔː(r)]
0,,,enjoyment,,,[ɪnˈdʒɔɪmənt]
0,,,enjoyable,,,[ɪnˈdʒɔɪəbl]
0,,,energetic,,,[ˌenəˈdʒetɪk]
0,,,emperor,,,[ˈempərə(r)]
0,,,employment,,,[ɪmˈplɔɪmənt]
0,,,employ,,,[ɪmˈplɔɪ]
0,,,employee,,,[ɪmˈplɔɪiː]
0,,,employer,,,[ɪmˈplɔɪə(r)]
0,,,forwards,,,[ˈfɔːwədz]
0,,,toward,,,[tə'wɔː(r)d]
0,,,forward,,,[ˈfɔːwəd]
0,,,forgettable,,,[fəˈɡetəbl]
0,,,fog,,,[fɒɡ]
0,,,foggy,,,[ˈfɒɡi]
0,,,fax,,,[fæks]
0,,,foxy,,,[ˈfɒksi]
0,,,musician,,,[mjuˈzɪʃn]
0,,,dustbin,,,[ˈdʌstbɪn]
0,,,dust,,,[dʌst]
0,,,cultural,,,[ˈkʌltʃərəl]
0,,,nature,,,[ˈneɪtʃə(r)]
0,,,adventure,,,[ədˈventʃə(r)]
0,,,paid,,,[peɪd]
0,,,unpaid,,,[ˌʌnˈpeɪd]
0,,,recording,,,[rɪˈkɔːdɪŋ]
0,,,according,,,[əˈkɔːdɪŋ]
0,,,ordinary,,,[ˈɔːdnri]
0,,,grandmother,,,[ˈɡrænmʌðə(r)]
0,,,grab,,,[ɡræb]
0,,,organize,,,[ˈɔːɡənaɪz]
0,,,organ,,,[ˈɔːɡən]
0,,,organization,,,[ˌɔːɡənaɪˈzeɪʃn]
0,,,laptop,,,[ˈlæptɒp]
0,,,lap,,,[læp]
0,,,slap,,,[slæp]
0,,,rap,,,[ræp]
0,,,survey,,,"[ˈsɜːveɪ , səˈveɪ]"
0,,,leisure,,,[ˈleʒə(r)]
0,,,unsure,,,[ˌʌnˈʃʊə(r)]
0,,,vet,,,[vet]
0,,,Brussels,,,[ˈbrʌsəlz]
0,,,nut,,,[nʌt]
0,,,pub,,,[pʌb]
0,,,cub,,,[kʌb]
0,,,scuba,,,[ˈskuːbə]
0,,,climate,,,[ˈklaɪmət]
0,,,extent,,,[ɪkˈstent]
0,,,ten,,,[ten]
0,,,tent,,,[tent]
0,,,exciting,,,[ɪkˈsaɪtɪŋ]
0,,,exit,,,[ˈeksɪt]
0,,,excite,,,[ɪkˈsaɪt]
0,,,excited,,,[ɪkˈsaɪtɪd]
0,,,was,,,[wəz]
0,,,wag,,,[wæɡ]
0,,,pavement,,,[ˈpeɪvmənt]
0,,,avenue,,,[ˈævənjuː]
0,,,thriller,,,[ˈθrɪlə(r)]
0,,,brilliant,,,[ˈbrɪliənt]
0,,,meter,,,[ˈmiːtə(r)]
0,,,kilometer,,,[ˈkɪləʊˌmiːtə]
0,,,sunshine,,,[ˈsʌnʃaɪn]
0,,,sunset,,,[ˈsʌnset]
0,,,temple,,,[ˈtempl]
0,,,simply,,,[ˈsɪmpli]
0,,,safely,,,[ˈseɪfli]
0,,,salesgirl,,,[ˈseɪlzɡɜːl]
0,,,safety,,,[ˈseɪfti]
0,,,salty,,,[ˈsɔːlti]
0,,,waltz,,,[wɔːls]
0,,,his,,,[hɪz]
0,,,button,,,[ˈbʌtn]
0,,,battery,,,[ˈbætri]
0,,,better,,,[ˈbetə(r)]
0,,,matter,,,[ˈmætə(r)]
0,,,businessman,,,[ˈbɪznəsmæn]
0,,,minibus,,,[ˈmɪnibʌs]
0,,,guy,,,[ɡaɪ]
0,,,luckily,,,[ˈlʌkɪli]
0,,,trumpet,,,[ˈtrʌmpɪt]
0,,,truly,,,[ˈtruːli]
0,,,adverb,,,[ˈædvɜːb]
0,,,verb,,,[vɜːb]
0,,,proverb,,,[ˈprɒvɜːb]
0,,,grove,,,[ɡrəʊv]
0,,,bang,,,[bæŋ]
0,,,thanksgiving,,,[ˌθæŋksˈɡɪvɪŋ]
0,,,thanks,,,[θæŋks]
0,,,that,,,"[ðæt , ðət]"
0,,,thankful,,,[ˈθæŋkfl]
0,,,seem,,,[siːm]
0,,,seek,,,[siːk]
0,,,weekly,,,[ˈwiːkli]
0,,,weekend,,,[ˌwiːkˈend]
0,,,surfing,,,[ˈsɜːfɪŋ]
0,,,spade,,,[speɪd]
0,,,surf,,,[sɜːf]
0,,,surfer,,,[ˈsɜːfə(r)]
0,,,spacecraft,,,[ˈspeɪskrɑːft]
0,,,ghost,,,[ɡəʊst]
0,,,pot,,,[pɒt]
0,,,postal,,,[ˈpəʊstl]
0,,,costume,,,[ˈkɒstjuːm]
0,,,poster,,,[ˈpəʊstə(r)]
0,,,chain,,,[tʃeɪn]
0,,,haircut,,,[ˈheəkʌt]
0,,,fell,,,[fel]
0,,,lamp,,,[læmp]
0,,,ninth,,,[naɪnθ]
0,,,nineteen,,,[ˌnaɪnˈtiːn]
0,,,nine,,,[naɪn]
0,,,ninety,,,[ˈnaɪnti]
0,,,define,,,[dɪˈfaɪn]
0,,,daisy,,,[ˈdeɪzi]
0,,,whose,,,[huːz]
0,,,dull,,,[dʌl]
0,,,poll,,,[pəʊl]
0,,,pollute,,,[pəˈluːt]
0,,,fuel,,,[ˈfjuːəl]
0,,,polluted,,,[pəˈluːtɪd]
0,,,bored,,,[bɔːd]
0,,,castle,,,[ˈkɑːsl]
0,,,vast,,,[vɑːst]
0,,,vase,,,[vɑːz]
0,,,base,,,[beɪs]
0,,,timetable,,,[ˈtaɪmteɪbl]
0,,,toe,,,[təʊ]
0,,,dime,,,[daɪm]
0,,,dim,,,[dɪm]
0,,,trainer,,,[ˈtreɪnə(r)]
0,,,rail,,,[reɪl]
0,,,rainfall,,,[ˈreɪnfɔːl]
0,,,seed,,,[siːd]
0,,,peel,,,[piːl]
0,,,freestyle,,,[ˈfriːstaɪl]
0,,,reef,,,[riːf]
0,,,freezing,,,[ˈfriːzɪŋ]
0,,,plaster,,,[ˈplɑːstə(r)]
0,,,paste,,,[peɪst]
0,,,printer,,,[ˈprɪntə(r)]
0,,,prince,,,[prɪns]
0,,,province,,,[ˈprɒvɪns]
0,,,folk,,,[fəʊk]
