,单词,中文释义,音标,学期,单元
0,morning,早上,['mɔːnɪŋ],一年级上册,Unit1-5
1,afternoon,下午,[ɑːftə'nuːn],一年级上册,Unit1-5
2,book,书,[bʊk],一年级上册,Unit1-5
3,ruler,尺,['ruːlə],一年级上册,Unit1-5
4,pencil,铅笔,['pens(ə)l],一年级上册,Unit1-5
5,rubber,橡皮,['rʌbə],一年级上册,Unit1-5
6,eye,眼睛,[aɪ],一年级上册,Unit1-5
7,mouth,嘴,[maʊθ],一年级上册,Unit1-5
8,face,脸,[feɪs],一年级上册,Unit1-5
9,nose,鼻子,[nəʊz],一年级上册,Unit1-5
10,ear,耳朵,[ɪə],一年级上册,Unit1-5
11,dance,跳舞,[dɑːns],一年级上册,Unit1-5
12,read,读书,[ri:d],一年级上册,Unit1-5
13,sing,唱歌,[sɪŋ],一年级上册,Unit1-5
14,draw,画画,[drɔː],一年级上册,Unit1-5
15,grandfather,爷爷,['græn(d)fɑːðə],一年级上册,Unit1-5
16,grandmother,奶奶,['græn(d)mʌðə],一年级上册,Unit1-5
17,father,爸爸,['fɑːðə],一年级上册,Unit1-5
18,mother,妈妈,['mʌðə],一年级上册,Unit1-5
19,fat,胖的,[fæt],一年级上册,Unit6-9
20,thin,瘦的,[θɪn],一年级上册,Unit6-9
21,tall,高的,[tɔːl],一年级上册,Unit6-9
22,short,矮的,[ʃɔːt],一年级上册,Unit6-9
23,one,一,[wʌn],一年级上册,Unit6-9
24,two,二,[tuː],一年级上册,Unit6-9
25,three,三,[θriː],一年级上册,Unit6-9
26,four,四,[fɔː],一年级上册,Unit6-9
27,five,五,[faɪv],一年级上册,Unit6-9
28,six,六,[sɪks],一年级上册,Unit6-9
29,apple,苹果,['æp(ə)l],一年级上册,Unit6-9
30,pear,梨,[peə],一年级上册,Unit6-9
31,peach,桃子,[piːtʃ],一年级上册,Unit6-9
32,orange,橘子,['ɒrɪn(d)ʒ],一年级上册,Unit6-9
33,hamburger,汉堡包,[ˈhæmbɜ:gə],一年级上册,Unit6-9
34,pizza,披萨,['piːtsə],一年级上册,Unit6-9
35,cake,蛋糕,[keɪk],一年级上册,Unit6-9
36,pie,派,[paɪ],一年级上册,Unit6-9
37,chick,小鸡,[tʃɪk],一年级上册,Unit10-12
38,duck,鸭子,[dʌk],一年级上册,Unit10-12
39,cow,牛,[kaʊ],一年级上册,Unit10-12
40,pig,猪,[pɪg],一年级上册,Unit10-12
41,bear,熊,[beə],一年级上册,Unit10-12
42,tiger,老虎,['taɪgə],一年级上册,Unit10-12
43,monkey,猴子,['mʌŋkɪ],一年级上册,Unit10-12
44,panda,熊猫,['pændə],一年级上册,Unit10-12
45,red,红色的,[red],一年级上册,Unit10-12
46,blue,蓝色的,[bluː],一年级上册,Unit10-12
47,yellow,黄色的,['jeləʊ],一年级上册,Unit10-12
48,green,绿色的,[griːn],一年级上册,Unit10-12
49,frog,青蛙,[frɒg],一年级下册,Unit1-5
50,rabbit,兔子,['ræbɪt],一年级下册,Unit1-5
51,bee,蜜蜂,[biː],一年级下册,Unit1-5
52,bird,小鸟,[bɜːd],一年级下册,Unit1-5
53,sheep,绵羊,[ʃiːp],一年级下册,Unit1-5
54,hen,母鸡,[hen],一年级下册,Unit1-5
55,dog,狗,[dɒg],一年级下册,Unit1-5
56,cat,猫,[kæt],一年级下册,Unit1-5
57,rice,米饭,[raɪs],一年级下册,Unit1-5
58,soup,汤,[suːp],一年级下册,Unit1-5
59,egg,蛋,[eg],一年级下册,Unit1-5
60,noodles,面条,[ˈnu:dlz],一年级下册,Unit1-5
61,ball,球,[bɔːl],一年级下册,Unit1-5
62,doll,洋娃娃,[dɒl],一年级下册,Unit1-5
63,bicycle,自行车,['baɪsɪkl],一年级下册,Unit1-5
64,kite,风筝,[kaɪt],一年级下册,Unit1-5
65,jelly,果冻,['dʒelɪ],一年级下册,Unit1-5
66,ice cream,冰淇淋,[aɪs kri:m],一年级下册,Unit1-5
67,sweet,糖果,[swiːt],一年级下册,Unit1-5
68,biscuit,饼干,['bɪskɪt],一年级下册,Unit1-5
69,cola,可乐,['kəʊlə],一年级下册,Unit6-10
70,juice,果汁,[dʒuːs],一年级下册,Unit6-10
71,milk,牛奶,[mɪlk],一年级下册,Unit6-10
72,water,水,['wɔːtə],一年级下册,Unit6-10
73,warm,暖和的,[wɔːm],一年级下册,Unit6-10
74,hot,热的,[hɒt],一年级下册,Unit6-10
75,spring,春天,[sprɪŋ],一年级下册,Unit6-10
76,summer,夏天,['sʌmə],一年级下册,Unit6-10
77,sunny,晴朗的,['sʌnɪ],一年级下册,Unit6-10
78,cloudy,多云的,['klaʊdɪ],一年级下册,Unit6-10
79,rainy,下雨的,['reɪnɪ],一年级下册,Unit6-10
80,windy,刮风的,['wɪndɪ],一年级下册,Unit6-10
81,T-shirt(T,恤衫),"['ti, ʃɜ:t]",一年级下册,Unit6-10
82,dress,连衣裙,[dres],一年级下册,Unit6-10
83,shorts,短裤,[ʃɔːts],一年级下册,Unit6-10
84,blouse,女式衬衫,['blaʊz],一年级下册,Unit6-10
85,ride,骑,[raɪd],一年级下册,Unit6-10
86,skip,跳绳,[skɪp],一年级下册,Unit6-10
87,play,玩,[pleɪ],一年级下册,Unit6-10
88,fly,放风筝；飞,[flaɪ],一年级下册,Unit6-10
89,gift,礼物,[gɪft],一年级下册,Unit11-12
90,card,卡片,[kɑːd],一年级下册,Unit11-12
91,firecracker,鞭炮,['faɪəkrækə],一年级下册,Unit11-12
92,firework,烟花,['faɪəwɜːk],一年级下册,Unit11-12
93,boy,男孩,[bɒɪ],一年级下册,Unit11-12
94,wolf,狼,[wʊlf],一年级下册,Unit11-12
95,farmer,农民,['fɑːmə],一年级下册,Unit11-12
96,morning ,早上,['mɔːnɪŋ],二年级上册,Unit1-5
97,afternoon,下午,[ɑːftə'nuːn],二年级上册,Unit1-5
98,evening,傍晚，晚上,['iːv(ə)nɪŋ],二年级上册,Unit1-5
99,night,夜晚,[naɪt],二年级上册,Unit1-5
100,boy,男孩,[bɒɪ],二年级上册,Unit1-5
101,girl,女孩,[gɜːl],二年级上册,Unit1-5
102,big,大的,[bɪg],二年级上册,Unit1-5
103,small,小的,[smɔːl],二年级上册,Unit1-5
104,seven,七,['sev(ə)n],二年级上册,Unit1-5
105,eight,八,[eɪt],二年级上册,Unit1-5
106,nine,九,[naɪn],二年级上册,Unit1-5
107,ten,十,[ten],二年级上册,Unit1-5
108,run,跑步,[rʌn],二年级上册,Unit1-5
109,write,写字,[raɪt],二年级上册,Unit1-5
110,swim,游泳,[swɪm],二年级上册,Unit1-5
111,fly,飞,[flaɪ],二年级上册,Unit1-5
112,young,年轻的,[jʌŋ],二年级上册,Unit1-5
113,old,年老的,[əʊld],二年级上册,Unit1-5
114,hair,头发,[heə],二年级上册,Unit6-10
115,head,头,[hed],二年级上册,Unit6-10
116,face,脸,[feɪs],二年级上册,Unit6-10
117,slide,滑梯,[slaɪd],二年级上册,Unit6-10
118,swing,秋千,[swɪŋ],二年级上册,Unit6-10
119,seesaw,跷跷板,['siːsɔː],二年级上册,Unit6-10
120,bag,包,[bæg],二年级上册,Unit6-10
121,box,盒子,[bɒks],二年级上册,Unit6-10
122,desk,课桌,[desk],二年级上册,Unit6-10
123,chair,椅子,[tʃeə],二年级上册,Unit6-10
124,bowl,碗,[bəʊl],二年级上册,Unit6-10
125,plate,盘子,[pleɪt],二年级上册,Unit6-10
126,spoon,调羹；勺子,[spuːn],二年级上册,Unit6-10
127,chopsticks,筷子,['tʃɒpstɪks],二年级上册,Unit6-10
128,sun,太阳,[sʌn],二年级上册,Unit6-10
129,moon,月亮,[muːn],二年级上册,Unit6-10
130,star,星星,[stɑː],二年级上册,Unit6-10
131,fox,狐狸,[fɒks],二年级上册,Unit11-12
132,hippo,河马,['hɪpəʊ],二年级上册,Unit11-12
133,meat,肉,[miːt],二年级上册,Unit11-12
134,grass,草,[grɑːs],二年级上册,Unit11-12
135,flower,花,['flaʊə],二年级上册,Unit11-12
136,tree,树,[triː],二年级上册,Unit11-12
137,white,白色的,[waɪt],二年级下册,Unit1-3
138,purple,紫色的,['pɜːp(ə)l],二年级下册,Unit1-3
139,pink,粉色的,[pɪŋk],二年级下册,Unit1-3
140,orange,橘色的,['ɒrɪn(d)ʒ],二年级下册,Unit1-3
141,brown,棕色的,[braʊn],二年级下册,Unit1-3
142,black,黑色的,[blæk],二年级下册,Unit1-3
143,watch,手表,[wɒtʃ],二年级下册,Unit1-3
144,bag,书包,[bæg],二年级下册,Unit1-3
145,soft,柔软的,[sɒft],二年级下册,Unit1-3
146,hard,硬的,[hɑːd],二年级下册,Unit1-3
147,rough,粗造的,[rʌf],二年级下册,Unit1-3
148,smooth,平滑的,[smuːð],二年级下册,Unit1-3
149,train,火车,[treɪn],二年级下册,Unit1-3
150,bus,公共汽车,[bʌs],二年级下册,Unit1-3
151,car,小汽车,[kɑː],二年级下册,Unit1-3
152,van,面包车,[væn],二年级下册,Unit1-3
153,bicycle,自行车,['baɪsɪkl],二年级下册,Unit1-3
154,ship,轮船,[ʃɪp],二年级下册,Unit1-3
155,run,跑,[rʌn],二年级下册,Unit4-7
156,skate,滑冰,[skeɪt],二年级下册,Unit4-7
157,hop,单脚跳,[hɒp],二年级下册,Unit4-7
158,skip,跳绳,[skɪp],二年级下册,Unit4-7
159,ride a bicycle,骑自行车,,二年级下册,Unit4-7
160,salad,沙拉,['sæləd],二年级下册,Unit4-7
161,carrot,胡萝卜,['kærət],二年级下册,Unit4-7
162,fish,鱼,[fɪʃ],二年级下册,Unit4-7
163,chicken,鸡肉,['tʃɪkɪn],二年级下册,Unit4-7
164,banana,香蕉,[bə'nɑːnə],二年级下册,Unit4-7
165,giraffe,长颈鹿,[dʒɪˈrɑ:f],二年级下册,Unit4-7
166,snake,蛇,[sneɪk],二年级下册,Unit4-7
167,elephant,大象,['elɪf(ə)nt],二年级下册,Unit4-7
168,zebra,斑马,['ziːbrə],二年级下册,Unit4-7
169,autumn,秋天,['ɔːtəm],二年级下册,Unit4-7
170,winter,冬天,['wɪntə],二年级下册,Unit4-7
171,cool,凉快的,[kuːl],二年级下册,Unit4-7
172,cold,冷的,[kəʊld],二年级下册,Unit4-7
173,stop,停,[stɒp],二年级下册,Unit8-12
174,go,走,[gəʊ],二年级下册,Unit8-12
175,wait,等,[weɪt],二年级下册,Unit8-12
176,light,灯,[laɪt],二年级下册,Unit8-12
177,trousers,长裤,['traʊzəz],二年级下册,Unit8-12
178,sweater,毛衣,['swetə],二年级下册,Unit8-12
179,shirt,男式衬衫,[ʃɜːt],二年级下册,Unit8-12
180,coat,大衣,[kəʊt],二年级下册,Unit8-12
181,play football,踢足球,,二年级下册,Unit8-12
182,play basketball,打篮球,,二年级下册,Unit8-12
183,play ping-pong,打乒乓球,,二年级下册,Unit8-12
184,play cards,打牌,,二年级下册,Unit8-12
185,letter,信,['letə],二年级下册,Unit8-12
186,balloon,气球,[bə'luːn],二年级下册,Unit8-12
187,carnation,康乃馨,[kɑː'neɪʃ(ə)n],二年级下册,Unit8-12
188,hungry,饿的,['hʌŋgrɪ],二年级下册,Unit8-12
189,thirsty,渴的,['θɜːstɪ],二年级下册,Unit8-12
190,bread,面包,[bred],二年级下册,Unit8-12
191,milk,牛奶,[mɪlk],二年级下册,Unit8-12
192,hello    ,(用于打招呼)喂，你好,[həˈləʊ],三年级上册,Unit1-3
193,morning,早晨，上午,['mɔːnɪŋ],三年级上册,Unit1-3
194,Miss,小姐（未婚女士）,[mɪs],三年级上册,Unit1-3
195,I,我,[aɪ],三年级上册,Unit1-3
196,good,好的,[gʊd],三年级上册,Unit1-3
197,Mr,先生,[ˈmɪstə],三年级上册,Unit1-3
198,Mrs,太太,[ˈmɪsɪz],三年级上册,Unit1-3
199,are,是（复数）,[ɑ:(r)],三年级上册,Unit1-3
200,fine,健康的；身体很好的,[faɪn],三年级上册,Unit1-3
201,goodbye,再见,[gʊd'baɪ],三年级上册,Unit1-3
202,hi,（用于打招呼）喂，嗨,[haɪ],三年级上册,Unit1-3
203,thank,谢谢,[θæŋk],三年级上册,Unit1-3
204,you,你，你们,[juː],三年级上册,Unit1-3
205,boy,男孩,[bɒɪ],三年级上册,Unit1-3
206,girl,女孩,[gɜːl],三年级上册,Unit1-3
207,am,是,[æm],三年级上册,Unit1-3
208,no,不  ，不是,[nəʊ],三年级上册,Unit1-3
209,not,不是,[nɒt],三年级上册,Unit1-3
210,yes,是；对,[jes],三年级上册,Unit1-3
211,tall,高的,[tɔːl],三年级上册,Unit4-5
212,short,矮的；短的,[ʃɔːt],三年级上册,Unit4-5
213,fat,胖的,[fæt],三年级上册,Unit4-5
214,thin,瘦的,[θɪn],三年级上册,Unit4-5
215,friend,朋友,[frend],三年级上册,Unit4-5
216,is,是,[ɪz],三年级上册,Unit4-5
217,he,他（指男性）,[hiː],三年级上册,Unit4-5
218,she,她（指女性）,[ʃiː],三年级上册,Unit4-5
219,my,我的,[maɪ],三年级上册,Unit4-5
220,this,这；这个,[ðɪs],三年级上册,Unit4-5
221,father,父亲；爸爸,['fɑːðə],三年级上册,Unit4-5
222,mother,母亲；妈妈,['mʌðə],三年级上册,Unit4-5
223,brother,哥哥；弟弟,['brʌðə],三年级上册,Unit4-5
224,sister,姐姐；妹妹,['sɪstə],三年级上册,Unit4-5
225,me,我,[miː],三年级上册,Unit4-5
226,beautiful,美丽的,[ˈbju:tɪfl],三年级上册,Unit4-5
227,who,谁,[huː],三年级上册,Unit4-5
228,family,家,[ˈfæməlɪ],三年级上册,Unit4-5
229,hair,头发,[heə],三年级上册,Unit6-7
230,eye,眼睛,[aɪ],三年级上册,Unit6-7
231,ear,耳朵,[ɪə],三年级上册,Unit6-7
232,nose,鼻子,[nəʊz],三年级上册,Unit6-7
233,mouth,口；嘴巴,[maʊθ],三年级上册,Unit6-7
234,face,脸；面孔,[feɪs],三年级上册,Unit6-7
235,big,大的,[bɪg],三年级上册,Unit6-7
236,long,长的,[lɒŋ],三年级上册,Unit6-7
237,look,看,[lʊk],三年级上册,Unit6-7
238,small,小的,[smɔːl],三年级上册,Unit6-7
239,blackboard,黑板,['blækbɔːd],三年级上册,Unit6-7
240,door,门,[dɔː],三年级上册,Unit6-7
241,window,窗；窗户,['wɪndəʊ],三年级上册,Unit6-7
242,clean,把…擦干净；打扫,[kliːn],三年级上册,Unit6-7
243,please,请，劳烦…,[pliːz],三年级上册,Unit6-7
244,late,迟到,[leɪt],三年级上册,Unit6-7
245,look at,看,,三年级上册,Unit6-7
246,open,打开,['əʊp(ə)n],三年级上册,Unit6-7
247,close,关上,[kləʊs],三年级上册,Unit6-7
248,the,表示特指,[ðə;ði:],三年级上册,Unit6-7
249,a(an),一；一个,,三年级上册,Unit8-9
250,apple,苹果,['æp(ə)l],三年级上册,Unit8-9
251,banana,香蕉,[bə'nɑːnə],三年级上册,Unit8-9
252,orange,桔子,['ɒrɪn(d)ʒ],三年级上册,Unit8-9
253,pear,梨,[peə],三年级上册,Unit8-9
254,dad,爸爸（口语）,[dæd],三年级上册,Unit8-9
255,good,好的,[gʊd],三年级上册,Unit8-9
256,here,这里,[hɪə],三年级上册,Unit8-9
257,how much,（用于问价钱）多少,[mʌtʃ],三年级上册,Unit8-9
258,they,（他、她、它）们,[ðeɪ],三年级上册,Unit8-9
259,it,它,,三年级上册,Unit8-9
260,chair,椅子,[tʃeə],三年级上册,Unit8-9
261,desk,书桌,[desk],三年级上册,Unit8-9
262,pen,钢笔,[pen],三年级上册,Unit8-9
263,bed,床,[bed],三年级上册,Unit8-9
264,schoolbag,书包,['skuːlbæɡ],三年级上册,Unit8-9
265,book,书,[bʊk],三年级上册,Unit8-9
266,these,这些,[ðiːz],三年级上册,Unit8-9
267,pencil,铅笔,['pens(ə)l],三年级上册,Unit8-9
268,ruler,尺,['ruːlə],三年级上册,Unit8-9
269,mum,妈妈（口语）,[mʌm],三年级上册,Unit8-9
270,your,你的；你们的,[jɔ:(r)],三年级上册,Unit8-9
271,one,一,,三年级上册,Unit10-11
272,two,二,,三年级上册,Unit10-11
273,three,三,,三年级上册,Unit10-11
274,four,四,,三年级上册,Unit10-11
275,five,五,,三年级上册,Unit10-11
276,six,六,,三年级上册,Unit10-11
277,seven,七,,三年级上册,Unit10-11
278,eight,八,,三年级上册,Unit10-11
279,nine,九,,三年级上册,Unit10-11
280,ten,十,,三年级上册,Unit10-11
281,how many,（用于问数量）多少,,三年级上册,Unit10-11
282,mouse,老鼠（复数 mice）,[maʊs],三年级上册,Unit10-11
283,cat,猫,,三年级上册,Unit10-11
284,dog,狗,,三年级上册,Unit10-11
285,rabbit,兔子,,三年级上册,Unit10-11
286,fish,鱼,,三年级上册,Unit10-11
287,its,它的,[ɪts],三年级上册,Unit10-11
288,tail,尾巴,[teɪl],三年级上册,Unit10-11
289,what,什么,[wɒt],三年级上册,Unit10-11
290,spring,春天,[sprɪŋ],三年级上册,Unit12
291,summer,夏天,['sʌmə],三年级上册,Unit12
292,autumn,秋天,['ɔːtəm],三年级上册,Unit12
293,winter,冬天,['wɪntə],三年级上册,Unit12
294,cold,寒冷的,[kəʊld],三年级上册,Unit12
295,cool,凉爽的,[kuːl],三年级上册,Unit12
296,hot,炎热的,,三年级上册,Unit12
297,warm,温暖的,[wɔːm],三年级上册,Unit12
298,in,在（某段时间）内,,三年级上册,Unit12
299,black,黑色的,[blæk],三年级下册,Unit1-2
300,blue,蓝色的,[bluː],三年级下册,Unit1-2
301,green,绿色的,[griːn],三年级下册,Unit1-2
302,red,红色的,[red],三年级下册,Unit1-2
303,white,白色的,[waɪt],三年级下册,Unit1-2
304,yellow,黄色的,['jeləʊ],三年级下册,Unit1-2
305,and,和；同,[ənd; (ə)n; ænd],三年级下册,Unit1-2
306,ball,球,[bɔːl],三年级下册,Unit1-2
307,colour,颜色,['kʌlə],三年级下册,Unit1-2
308,candy,糖果,['kændɪ],三年级下册,Unit1-2
309,ice cream,冰淇淋,[aɪs kri:m],三年级下册,Unit1-2
310,lemon,柠檬,['lemən],三年级下册,Unit1-2
311,how,怎么；怎样,[haʊ],三年级下册,Unit1-2
312,orange,橙色的,['ɒrɪn(d)ʒ],三年级下册,Unit1-2
313,sour,酸的,[saʊə],三年级下册,Unit1-2
314,sweet,甜的,[swiːt],三年级下册,Unit1-2
315,taste,味道；尝,[teɪst],三年级下册,Unit1-2
316,bike,自行车,[baɪk],三年级下册,Unit3-4
317,bus,公共汽车；巴士,[bʌs],三年级下册,Unit3-4
318,plane,飞机,[pleɪn],三年级下册,Unit3-4
319,ship,船,[ʃɪp],三年级下册,Unit3-4
320,car,小汽车,[kɑː],三年级下册,Unit3-4
321,train,火车,[treɪn],三年级下册,Unit3-4
322,can,能,[kæn],三年级下册,Unit3-4
323,hear,听见,[hɪə],三年级下册,Unit3-4
324,listen,听,['lɪs(ə)n],三年级下册,Unit3-4
325,bear,熊,[beə],三年级下册,Unit3-4
326,elephant,象,['elɪf(ə)nt],三年级下册,Unit3-4
327,lion,狮子,['laɪən],三年级下册,Unit3-4
328,monkey,猴子,['mʌŋkɪ],三年级下册,Unit3-4
329,panda,熊猫,['pændə],三年级下册,Unit3-4
330,tiger,老虎,['taɪgə],三年级下册,Unit3-4
331,like,像，喜欢,[laɪk],三年级下册,Unit3-4
332,man,男人（复数 men）,[mæn],三年级下册,Unit3-4
333,old,旧的；老的,[əʊld],三年级下册,Unit3-4
334,our,我们的,[aʊə],三年级下册,Unit3-4
335,strong,强壮的；坚固的,[strɒŋ],三年级下册,Unit3-4
336,kite,风筝,[kaɪt],三年级下册,Unit5-6
337,robot,机器人,['rəʊbɒt],三年级下册,Unit5-6
338,toy bear,玩具熊,[tɒɪ],三年级下册,Unit5-6
339,fun,乐趣,[fʌn],三年级下册,Unit5-6
340,lovely,可爱的,['lʌvlɪ],三年级下册,Unit5-6
341,play,玩,[pleɪ],三年级下册,Unit5-6
342,sorry,对不起,['sɒrɪ],三年级下册,Unit5-6
343,biscuit,饼干,['bɪskɪt],三年级下册,Unit5-6
344,bread,面包,[bred],三年级下册,Unit5-6
345,egg,鸡蛋,[eg],三年级下册,Unit5-6
346,juice,果汁,[dʒuːs],三年级下册,Unit5-6
347,milk,牛奶,[mɪlk],三年级下册,Unit5-6
348,water,水,['wɔːtə],三年级下册,Unit5-6
349,breakfast,早餐,['brekfəst],三年级下册,Unit5-6
350,child,孩子 [tʃaɪld] （复数 children）,['tʃɪldrən],三年级下册,Unit5-6
351,have,有,[hæv],三年级下册,Unit5-6
352,some,一些,[sʌm;səm],三年级下册,Unit5-6
353,too,也；还,[tuː],三年级下册,Unit5-6
354,we,我们,[wiː],三年级下册,Unit5-6
355,dance,跳舞,[dɑːns],三年级下册,Unit7-8
356,paint,用颜料画,[peɪnt],三年级下册,Unit7-8
357,read,阅读,[ri:d],三年级下册,Unit7-8
358,sing,唱歌,[sɪŋ],三年级下册,Unit7-8
359,skate,滑冰,[skeɪt],三年级下册,Unit7-8
360,swim,游泳,[swɪm],三年级下册,Unit7-8
361,at home,在家,,三年级下册,Unit7-8
362,come in,进来,,三年级下册,Unit7-8
363,sleep,睡觉,[sliːp],三年级下册,Unit7-8
364,work,工作,[wɜːk],三年级下册,Unit7-8
365,worker,劳动者,['wɜːkə],三年级下册,Unit7-8
366,cake,蛋糕,[keɪk],三年级下册,Unit7-8
367,card,卡；卡片,[kɑːd],三年级下册,Unit7-8
368,noodle,面条,['nuːd(ə)l],三年级下册,Unit7-8
369,birthday,生日,['bɜːθdeɪ],三年级下册,Unit7-8
370,dear,亲爱的,[dɪə],三年级下册,Unit7-8
371,for,给；为了,,三年级下册,Unit7-8
372,how old,多大（年纪）,,三年级下册,Unit7-8
373,to,给；向,,三年级下册,Unit7-8
374,cow,母牛,[kaʊ],三年级下册,Unit9-10
375,horse,马,[hɔːs],三年级下册,Unit9-10
376,pig,猪,[pɪg],三年级下册,Unit9-10
377,sheep,绵羊（复数 sheep）,[ʃiːp],三年级下册,Unit9-10
378,bye,再见,[baɪ],三年级下册,Unit9-10
379,farm,农场,[fɑːm],三年级下册,Unit9-10
380,grass,草,[grɑːs],三年级下册,Unit9-10
381,great,很好的；很棒的,[greɪt],三年级下册,Unit9-10
382,litter,乱扔（垃圾）,['lɪtə],三年级下册,Unit9-10
383,stone,石头,[stəʊn],三年级下册,Unit9-10
384,throw,扔,[θrəʊ],三年级下册,Unit9-10
385,head,头,[hed],三年级下册,Unit9-10
386,body,身体,['bɒdɪ],三年级下册,Unit9-10
387,arm,手臂,[ɑːm],三年级下册,Unit9-10
388,hand,手,[hænd],三年级下册,Unit9-10
389,leg,腿,[leg],三年级下册,Unit9-10
390,foot,脚；足（复数 feet）,[fʊt],三年级下册,Unit9-10
391,flower,花,['flaʊə],三年级下册,Unit11-12
392,photo,照片,['fəʊtəʊ],三年级下册,Unit11-12
393,tea,茶,[tiː],三年级下册,Unit11-12
394,cup,杯子,[kʌp],三年级下册,Unit11-12
395,day,天;日,[deɪ],三年级下册,Unit11-12
396,do,做,[duː],三年级下册,Unit11-12
397,idea,主意,[aɪ'dɪə],三年级下册,Unit11-12
398,love,爱,[lʌv],三年级下册,Unit11-12
399,afraid(of),害怕…,[ə'freɪd],三年级下册,Unit11-12
400,bad,坏的,[bæd],三年级下册,Unit11-12
401,go,去；走,[gəʊ],三年级下册,Unit11-12
402,house,房屋,[haʊs],三年级下册,Unit11-12
403,little,小的,['lɪt(ə)l],三年级下册,Unit11-12
404,make,做,[meɪk],三年级下册,Unit11-12
405,now,现在,[naʊ],三年级下册,Unit11-12
406,there,那里,[ðeə],三年级下册,Unit11-12
407,very,很；非常,['verɪ],三年级下册,Unit11-12
408,meet,相识；结识,[miːt],四年级上册,Unit1
409,new,新的,[njuː],四年级上册,Unit1
410,morning,早晨；上午,['mɔːnɪŋ],四年级上册,Unit1
411,classmate,同班同学,['klɑːsmeɪt],四年级上册,Unit1
412,her,她的,[hɜː],四年级上册,Unit1
413,name,名字,[neɪm],四年级上册,Unit1
414,sit,坐,[sɪt],四年级上册,Unit1
415,afternoon,下午,[ɑːftə'nuːn],四年级上册,Unit1
416,his,他的,[hɪz],四年级上册,Unit1
417,run,跑,[rʌn],四年级上册,Unit2
418,fast,快地；迅速地；快的,[fɑːst],四年级上册,Unit2
419,fly,飞；放飞,[flaɪ],四年级上册,Unit2
420,draw,画画,[drɔː],四年级上册,Unit2
421,write,写字；书写,[raɪt],四年级上册,Unit2
422,jump,跳,[dʒʌmp],四年级上册,Unit2
423,welcome,欢迎,[ˈwelkəm],四年级上册,Unit2
424,woof,（狗叫声）汪汪,[wʊf],四年级上册,Unit2
425,but,但是,[bʌt; bət],四年级上册,Unit2
426,happy,开心的,['hæpɪ],四年级上册,Unit3
427,sad,难过的；悲哀的,[sæd],四年级上册,Unit3
428,tired,累的；疲惫的,[taɪəd],四年级上册,Unit3
429,hungry,饥饿的,['hʌŋgrɪ],四年级上册,Unit3
430,full,饱的,[fʊl],四年级上册,Unit3
431,thirsty,口渴的,['θɜːstɪ],四年级上册,Unit3
432,bird,鸟,[bɜːd],四年级上册,Unit3
433,see,看见,[siː],四年级上册,Unit3
434,bottle,瓶子,['bɒt(ə)l],四年级上册,Unit3
435,drink,喝,[drɪŋk],四年级上册,Unit3
436,any,任何的,['enɪ],四年级上册,Unit4
437,cousin ,(堂)表兄弟；姐妹,['kʌz(ə)n],四年级上册,Unit4
438,family,家庭,[ˈfæməlɪ],四年级上册,Unit4
439,parent,父亲；母亲,['peər(ə)nt],四年级上册,Unit4
440,grandparent,（外）祖父；祖母,['græn(d)peər(ə)nt],四年级上册,Unit4
441,son,儿子,[sʌn],四年级上册,Unit4
442,grandfather(grandpa),（外）祖父；爷爷；外公,,四年级上册,Unit4
443,grandmother(grandma),（外）祖母；奶奶；外婆,,四年级上册,Unit4
444,uncle,叔叔；伯伯；舅舅；姑父；姨父,['ʌŋk(ə)l],四年级上册,Unit4
445,aunt,姑妈；姨妈；伯母；婶婶；舅妈,[ɑːnt],四年级上册,Unit4
446,that,那个,[ðæt],四年级上册,Unit4
447,T-shirt    T,恤衫,"['ti, ʃɜ:t]",四年级上册,Unit5
448,brown,棕色的；棕色,[braʊn],四年级上册,Unit5
449,shorts,短裤,[ʃɔːts],四年级上册,Unit5
450,ride,骑（马；自行车）,[raɪd],四年级上册,Unit5
451,skirt,短裙,[skɜːt],四年级上册,Unit5
452,dress,连衣裙,[dres],四年级上册,Unit5
453,shirt,（男式）衬衫,[ʃɜːt],四年级上册,Unit5
454,tooth,牙齿,[tuːθ],四年级上册,Unit5
455,sharp,锋利的；尖的,[ʃɑːp],四年级上册,Unit5
456,help,帮助,[help],四年级上册,Unit5
457,a pair of,一条；一副；一双,[peə],四年级上册,Unit5
458,get out,出去,[get aʊt],四年级上册,Unit5
459,nurse,护士,[nɜːs],四年级上册,Unit6
460,fireman,消防员,['faɪəmən],四年级上册,Unit6
461,teacher,老师,['tiːtʃə],四年级上册,Unit6
462,doctor,医生,['dɒktə],四年级上册,Unit6
463,bus driver,公共汽车司机,[bʌs 'draɪvə]],四年级上册,Unit6
464,kid,小孩,[kɪd],四年级上册,Unit6
465,so,如此；很；所以,[səʊ],四年级上册,Unit6
466,fire,火；火灾,['faɪə],四年级上册,Unit6
467,people,人；人们,['piːp(ə)l],四年级上册,Unit6
468,job,工作；职业,[dʒɒb],四年级上册,Unit6
469,play with,玩……,[pleɪ    wɪð ],四年级上册,Unit6
470,school,学校,[skuːl],四年级上册,Unit7
471,office,办公室,['ɒfɪs],四年级上册,Unit7
472,busy,忙碌的；繁忙的,['bɪzɪ],四年级上册,Unit7
473,computer,计算机；电脑,[kəm'pjuːtə],四年级上册,Unit7
474,many,许多,['menɪ],四年级上册,Unit7
475,library,图书馆；图书室,[ˈlaɪbrərɪ],四年级上册,Unit7
476,playground,操场,['pleɪgraʊnd],四年级上册,Unit7
477,classroom,教室,['klɑːsruːm],四年级上册,Unit7
478,toilet,厕所,[ˈtɔɪlɪt],四年级上册,Unit7
479,animal,动物,['ænɪm(ə)l],四年级上册,Unit7
480,forest,森林,['fɒrɪst],四年级上册,Unit7
481,pupil,小学生,['pjuː p(ə)l],四年级上册,Unit7
482,try,尝试,[traɪ],四年级上册,Unit7
483,first,第一,[fɜːst],四年级上册,Unit7
484,climb trees,爬树,[klaɪm triːz],四年级上册,Unit7
485,shop,商店,[ʃɒp],四年级上册,Unit8
486,tomato,番茄；西红柿,[tə'mɑːtəʊ],四年级上册,Unit8
487,soup,汤,[suːp],四年级上册,Unit8
488,potato,土豆,[pə'teɪtəʊ],四年级上册,Unit8
489,carrot,胡萝卜,['kærət],四年级上册,Unit8
490,thirty,三十,['θɜːtɪ],四年级上册,Unit8
491,fish,鱼；鱼肉,[fɪʃ],四年级上册,Unit8
492,meat,肉,[miːt],四年级上册,Unit8
493,rice,大米，米饭,[raɪs],四年级上册,Unit8
494,glasses,眼镜,['glɑːsɪz],四年级上册,Unit8
495,want,想要,[wɒnt],四年级上册,Unit8
496,together,一起,[tə'geðə],四年级上册,Unit8
497,magic,神奇的；有魔力的,['mædʒɪk],四年级上册,Unit8
498,need,需要,[niːd],四年级上册,Unit9
499,where,哪里,[weə],四年级上册,Unit9
500,in,在……里面,[ɪn],四年级上册,Unit9
501,box,盒子；箱子,[bɒks],四年级上册,Unit9
502,give,给,[gɪv],四年级上册,Unit9
503,plate,盘子；碟子,[pleɪt],四年级上册,Unit9
504,on,在……上面,[ɒn],四年级上册,Unit9
505,table,桌子,['teɪb(ə)l],四年级上册,Unit9
506,lunch,午餐,[lʌn(t)ʃ],四年级上册,Unit9
507,under,在……下面,['ʌndə],四年级上册,Unit9
508,beside,在……旁边,[bɪ'saɪd],四年级上册,Unit9
509,kitchen,厨房,['kɪtʃɪn; -tʃ(ə)n],四年级上册,Unit9
510,floor,地板,[flɔː],四年级上册,Unit9
511,angry,生气的,['æŋgrɪ],四年级上册,Unit9
512,around,在……周围；到处,[ə'raʊnd],四年级上册,Unit10
513,home,家,[həʊm],四年级上册,Unit10
514,street,街道,[striːt],四年级上册,Unit10
515,park,公园,[pɑːk],四年级上册,Unit10
516,near,在……附近,[nɪə],四年级上册,Unit10
517,behind,在……后面,[bɪ'haɪnd],四年级上册,Unit10
518,supermarket,超市,['suːpəmɑːkɪt],四年级上册,Unit10
519,restaurant,餐馆,[ˈrestrɒnt],四年级上册,Unit10
520,live,住；居住,[lɪv],四年级上册,Unit10
521,old,古老的；旧的,[əʊld],四年级上册,Unit10
522,eat,吃,[iːt],四年级上册,Unit10
523,nice,美味的；美好的,[naɪs],四年级上册,Unit10
524,food,食物,[fuːd],四年级上册,Unit10
525,a lot of,很多；大量的,[lɒt],四年级上册,Unit10
526,shape,形状,[ʃeɪp],四年级上册,Unit11
527,picture,图画；照片,['pɪktʃə],四年级上册,Unit11
528,square,正方形,[skweə],四年级上册,Unit11
529,circle,圆；圆形,['sɜːk(ə)l],四年级上册,Unit11
530,star,五角星形；星星,[stɑː],四年级上册,Unit11
531,rectangle,长方形,['rektæŋg(ə)l],四年级上册,Unit11
532,triangle,三角形,['traɪæŋg(ə)l],四年级上册,Unit11
533,today,今天,[tə'deɪ],四年级上册,Unit11
534,well,好；健康,[wel],四年级上册,Unit11
535,weather,天气,['weðə],四年级上册,Unit12
536,rainy,多雨的,['reɪnɪ],四年级上册,Unit12
537,cloudy,多云的,['klaʊdɪ],四年级上册,Unit12
538,windy,风大的；多风的,['wɪndɪ],四年级上册,Unit12
539,sunny,阳光充足的,['sʌnɪ],四年级上册,Unit12
540,Sunday,星期天,[ˈsʌndeɪ],四年级上册,Unit12
541,cloud,云,[klaʊd],四年级上册,Unit12
542,rain,雨；下雨,[reɪn],四年级上册,Unit12
543,sun,太阳,[sʌn],四年级上册,Unit12
544,wind,风,[wɪnd; (for v.) waɪnd],四年级上册,Unit12
545,touch,碰；触摸,[tʌtʃ],四年级下册,Unit1-2
546,feel,摸起来；感到,[fiːl],四年级下册,Unit1-2
547,soft,柔软的,[sɒft],四年级下册,Unit1-2
548,hard,坚硬的,[hɑːd],四年级下册,Unit1-2
549,thick,厚的；粗的,[θɪk],四年级下册,Unit1-2
550,thin,薄的；细的,[θɪn],四年级下册,Unit1-2
551,blind,瞎的；失明的,[blaɪnd],四年级下册,Unit1-2
552,noise,响声；吵闹声,[nɔɪz],四年级下册,Unit1-2
553,young,年轻的,[jʌŋ],四年级下册,Unit1-2
554,smell,闻；嗅,[smel],四年级下册,Unit1-2
555,strawberry,草莓,['strɔːb(ə)rɪ],四年级下册,Unit1-2
556,or,或者；还是,[ɔː],四年级下册,Unit1-2
557,watermelon,西瓜,['wɔːtəmelən],四年级下册,Unit1-2
558,grape,葡萄,[greɪp],四年级下册,Unit1-2
559,fox,狐狸,[fɒks],四年级下册,Unit1-2
560,round,圆的,[raʊnd],四年级下册,Unit1-2
561,purple,紫色的,['pɜːp(ə)l],四年级下册,Unit1-2
562,wait,等待；等候,[weɪt],四年级下册,Unit1-2
563,minute,一会儿；分钟,['mɪnɪt],四年级下册,Unit1-2
564,get,得到,[get],四年级下册,Unit1-2
565,those,那些,[ðəʊz],四年级下册,Unit1-2
566,rise,升起,[raɪz],四年级下册,Unit3
567,shadow,影子,['ʃædəʊ],四年级下册,Unit3
568,noon,中午,[nuːn],四年级下册,Unit3
569,high,高的,[haɪ],四年级下册,Unit3
570,sky,天空,[skaɪ],四年级下册,Unit3
571,evening,傍晚；晚上,['iːv(ə)nɪŋ],四年级下册,Unit3
572,again,再；又,[ə'geɪn],四年级下册,Unit3
573,night,夜晚,[naɪt],四年级下册,Unit3
574,moon,月亮,[muːn],四年级下册,Unit3
575,him,他,[hɪm],四年级下册,Unit3
576,stop,停下,[stɒp],四年级下册,Unit3
577,at noon,在中午,,四年级下册,Unit3
578,go down,落下,[gəʊ daʊn],四年级下册,Unit3
579,at night,在夜晚,,四年级下册,Unit3
580,take a walk,散步,[teɪk ə wɔːk],四年级下册,Unit3
581,subject,学科；科目,[ˈsʌbdʒɪkt],四年级下册,Unit4
582,lesson,课,['les(ə)n],四年级下册,Unit4
583,Chinese,语文,[tʃaɪniːz],四年级下册,Unit4
584,Maths,数学,[mæθs],四年级下册,Unit4
585,English,英语,['ɪŋɡlɪʃ],四年级下册,Unit4
586,Science,科学,['saɪəns],四年级下册,Unit4
587,PE,体育,[ˌpiˈi:],四年级下册,Unit4
588,Music,音乐,['mjuːzɪk],四年级下册,Unit4
589,Art,美术,[ɑːt],四年级下册,Unit4
590,timetable,课程表；时间表,['taɪmteɪb(ə)l],四年级下册,Unit4
591,from,从；来自,[frɒm; frəm],四年级下册,Unit4
592,a.m,上午,,四年级下册,Unit4
593,p.m,下午,,四年级下册,Unit4
594,break,休息,[breɪk],四年级下册,Unit4
595,from…to…,从…到…,,四年级下册,Unit4
596,sport,体育运动,[spɔːt],四年级下册,Unit5
597,football,足球,['fʊtbɔːl],四年级下册,Unit5
598,club,俱乐部；兴趣小组,[klʌb],四年级下册,Unit5
599,join,参加；加入,[dʒɒɪn],四年级下册,Unit5
600,tell,告诉,[tel],四年级下册,Unit5
601,about,关于,[ə'baʊt],四年级下册,Unit5
602,basketball,篮球,['bɑːskɪtbɔːl],四年级下册,Unit5
603,volleyball,排球,['vɒlɪbɔːl],四年级下册,Unit5
604,us,我们,[əs; ʌs],四年级下册,Unit5
605,table tennis,乒乓球运动,,四年级下册,Unit5
606,play,玩,[pleɪ],四年级下册,Unit5
607,play football,踢足球,,四年级下册,Unit5
608,play basketball,打篮球,,四年级下册,Unit5
609,play volleyball,打排球,,四年级下册,Unit5
610,wonderful,使人愉悦的；绝妙的,[ˈwʌndə(r)fl],四年级下册,Unit6
611,violin,小提琴,[ˌvaɪəˈlɪn],四年级下册,Unit6
612,guitar,吉他,[gɪ'tɑː],四年级下册,Unit6
613,whose,谁的,[huːz],四年级下册,Unit6
614,piano,钢琴,[pɪ'ænəʊ],四年级下册,Unit6
615,city,城市,['sɪtɪ],四年级下册,Unit6
616,bag,袋子,[bæg],四年级下册,Unit6
617,gold,金子,[gəʊld],四年级下册,Unit6
618,all,全部；所有,[ɔːl],四年级下册,Unit6
619,play the violin,拉小提琴,,四年级下册,Unit6
620,play the guitar,弹吉他,,四年级下册,Unit6
621,O`clock,…点钟,,四年级下册,Unit7
622,quarter,一刻钟,['kwɔːtə],四年级下册,Unit7
623,time,时间,[taɪm],四年级下册,Unit7
624,half,半；一半,[hɑːf],四年级下册,Unit7
625,wash,洗,[wɒʃ],四年级下册,Unit7
626,dinner,晚餐；正餐,['dɪnə],四年级下册,Unit7
627,start,开始,[stɑːt],四年级下册,Unit7
628,catch,捉住,[kætʃ],四年级下册,Unit7
629,get up,起床,[get ʌp],四年级下册,Unit7
630,brush,刷,[brʌʃ],四年级下册,Unit7
631,brush…teeth,刷牙,[brʌʃ    tiːθ],四年级下册,Unit7
632,half past…,…点半,,四年级下册,Unit7
633,have breakfast,吃早餐,['brekfəst],四年级下册,Unit7
634,go to school,去上学,,四年级下册,Unit7
635,wash…face,洗脸,,四年级下册,Unit7
636,have lunch,吃午餐,,四年级下册,Unit7
637,have dinner,吃晚餐,,四年级下册,Unit7
638,go to bed,上床睡觉,,四年级下册,Unit7
639,week,星期,[wiːk],四年级下册,Unit8
640,Monday,星期一,[ˈmʌndeɪ],四年级下册,Unit8
641,with,和…一起,[wɪð],四年级下册,Unit8
642,Tuesday,星期二,['tjuːzdeɪ],四年级下册,Unit8
643,Wednesday,星期三,[ˈwenzdeɪ],四年级下册,Unit8
644,Thursday,星期四,['θɜːzdeɪ],四年级下册,Unit8
645,Friday,星期五,[ˈfraɪdeɪ],四年级下册,Unit8
646,game,游戏,[geɪm],四年级下册,Unit8
647,Saturday,星期六,[ˈsætədeɪ],四年级下册,Unit8
648,Sunday,星期天,[ˈsʌndeɪ],四年级下册,Unit8
649,clock,时钟；钟,[klɒk],四年级下册,Unit8
650,play chess,下国际象棋,[tʃes],四年级下册,Unit8
651,at the weekend,在周末,[wiːkˈend],四年级下册,Unit8
652,(be) late for,迟到,,四年级下册,Unit8
653,China,中国,[ˈtʃaɪnə],四年级下册,Unit9
654,talk,谈话；说话,[tɔːk],四年级下册,Unit9
655,May,五月,[meɪ],四年级下册,Unit9
656,June,六月,[dʒu:n],四年级下册,Unit9
657,January,一月,['dʒænjʊ(ə)rɪ],四年级下册,Unit9
658,February,二月,[ˈfebrʊərɪ],四年级下册,Unit9
659,March,三月,[mɑːtʃ],四年级下册,Unit9
660,April,四月,['eɪprəl],四年级下册,Unit9
661,July,七月,[dʒʊˈlaɪ],四年级下册,Unit9
662,August,八月,[ɔ:ˈgʌst],四年级下册,Unit9
663,September,九月,[sep'tembə],四年级下册,Unit9
664,October,十月,[ɒk'təʊbə],四年级下册,Unit9
665,November,十一月,[nə(ʊ)'vembə],四年级下册,Unit9
666,December,十二月,[dɪ'sembə],四年级下册,Unit9
667,email,电子邮件,['iːmeɪl],四年级下册,Unit9
668,hat,帽子,[hæt],四年级下册,Unit9
669,wear,穿；戴,[weə],四年级下册,Unit9
670,yours,你的；你们的,[jɔːz; jʊəz],四年级下册,Unit9
671,very year,每年,['verɪ jɪə],四年级下册,Unit9
672,garden,花园,['gɑːd(ə)n],四年级下册,Unit10
673,plant,植物,[plɑːnt],四年级下册,Unit10
674,leaf,叶子（复数 leaves）,[liːf],四年级下册,Unit10
675,water,给…浇水,['wɔːtə],四年级下册,Unit10
676,them,它们；他们；她们,[ðem; ðəm],四年级下册,Unit10
677,grow,（使）生长；成长,[grəʊ],四年级下册,Unit10
678,seed,种子,[siːd],四年级下册,Unit10
679,very day,每天,,四年级下册,Unit10
680,song,歌曲,[sɒŋ],四年级下册,Unit11
681,zoo,动物园,[zuː],四年级下册,Unit11
682,cinema,电影院,[ˈsɪnəmə],四年级下册,Unit11
683,museum,博物馆,[mjuː'zɪəm],四年级下册,Unit11
684,also,也；还,['ɔːlsəʊ],四年级下册,Unit11
685,have a party,举办聚会,['pɑːtɪ],四年级下册,Unit11
686,ugly,丑的；丑陋的,['ʌglɪ],四年级下册,Unit12
687,duckling,小鸭,['dʌklɪŋ],四年级下册,Unit12
688,duck,鸭子,[dʌk],四年级下册,Unit12
689,river,河；江,['rɪvə],四年级下册,Unit12
690,baby,宝宝；婴儿,['beɪbɪ],四年级下册,Unit12
691,later,后来；以后,['leɪtə],四年级下册,Unit12
692,quack,嘎嘎,[kwæk],四年级下册,Unit12
693,back,背；背部,[bæk],四年级下册,Unit12
694,away,去别处；朝另一个方向,[ə'weɪ],四年级下册,Unit12
695,swan,天鹅,[swɒn],四年级下册,Unit12
696,into,朝；向；到…里面,['ɪntə],四年级下册,Unit12
697,future,将来；未来,['fjuːtʃə],五年级上册,Unit1
698,want,想要,[wɒnt],五年级上册,Unit1
699,pilot,飞行员,['paɪlət],五年级上册,Unit1
700,teach,教（课）,[tiːtʃ],五年级上册,Unit1
701,cook,厨师；烹饪,[kʊk],五年级上册,Unit1
702,taxi driver,出租车司机,['tæksɪ 'draɪvə],五年级上册,Unit1
703,job,工作；职业,[dʒɒb],五年级上册,Unit1
704,singer,歌手,['sɪŋə(r)],五年级上册,Unit1
705,fall,掉落；落下,[fɔːl],五年级上册,Unit1
706,lifeguard,救生员,['laɪfgɑːd],五年级上册,Unit1
707,save,救；救助；节约,[seɪv],五年级上册,Unit1
708,become,变成；变得,[bɪ'kʌm],五年级上册,Unit1
709,(be) good at,擅长,,五年级上册,Unit1
710,by,（表示方式）；靠近,[baɪ],五年级上册,Unit2
711,walk,走；步行,[wɔːk],五年级上册,Unit2
712,Ms,女士,[mɪz],五年级上册,Unit2
713,journey,旅程；旅行,['dʒɜːnɪ],五年级上册,Unit2
714,primary school,小学,['praɪm(ə)rɪ skuːl],五年级上册,Unit2
715,underground,地铁,[ʌndə'graʊnd],五年级上册,Unit2
716,station,车站,['steɪʃ(ə)n],五年级上册,Unit2
717,take,乘坐（交通工具）；带领,[teɪk],五年级上册,Unit2
718,after,在…后,['ɑːftə],五年级上册,Unit2
719,hour,小时,['aʊə],五年级上册,Unit2
720,bus stop,公共汽车站,[stɒp],五年级上册,Unit2
721,by bus,乘公共汽车,,五年级上册,Unit2
722,far from,离…远,,五年级上册,Unit2
723,on foot,步行,,五年级上册,Unit2
724,by bike,骑自行车,,五年级上册,Unit2
725,by car,乘小汽车,,五年级上册,Unit2
726,get off,下车,,五年级上册,Unit2
727,party,聚会,['pɑːtɪ],五年级上册,Unit3
728,when,什么时候,[wen],五年级上册,Unit3
729,begin,开始,[bɪ'gɪn],五年级上册,Unit3
730,bring,带来,[brɪŋ],五年级上册,Unit3
731,thing,东西，事物,[θɪŋ],五年级上册,Unit3
732,favourite,最喜欢的,['feɪv(ə)rɪt],五年级上册,Unit3
733,interesting,有趣的,[ˈɪntrəstɪŋ],五年级上册,Unit3
734,hat,帽子,[hæt],五年级上册,Unit3
735,have fun,尽情玩,[hæv    fʌn],五年级上册,Unit3
736,usually,通常,[ˈjuːʒʊəlɪ],五年级上册,Unit4
737,often,经常,['ɒf(tə)n],五年级上册,Unit4
738,visit,看望；拜访；参观,['vɪzɪt],五年级上册,Unit4
739,sometimes,有时,['sʌmtaɪmz],五年级上册,Unit4
740,always,总是；一直,[ˈɔ:lweɪz],五年级上册,Unit4
741,never,从不,['nevə],五年级上册,Unit4
742,play sport,做运动,,五年级上册,Unit4
743,go shopping,去购物,,五年级上册,Unit4
744,clever,聪明的,['klevə],五年级上册,Unit5
745,same,相同的,[seɪm],五年级上册,Unit5
746,class,班；班级,[klɑːs],五年级上册,Unit5
747,both,（两个）都,[bəʊθ],五年级上册,Unit5
748,cross,穿越；越过,[krɒs],五年级上册,Unit5
749,carry,背；提；拿,['kærɪ],五年级上册,Unit5
750,heavy,重的；沉的,['hevɪ],五年级上册,Unit5
751,different,不同的,[ˈdɪfrənt],五年级上册,Unit5
752,bored,无聊的,[bɔːd],五年级上册,Unit5
753,word,单词,[wɜːd],五年级上册,Unit5
754,easy,容易的,['iːzɪ],五年级上册,Unit5
755,say,说,[seɪ],五年级上册,Unit5
756,then,然后；那么,[ðen],五年级上册,Unit5
757,ask,问,[ɑːsk],五年级上册,Unit5
758,answer,回答,['ɑːnsə],五年级上册,Unit5
759,soon,很快；不久,[suːn],五年级上册,Unit5
760,each other,互相,[iːtʃ 'ʌðə],五年级上册,Unit5
761,make phone calls,打电话,,五年级上册,Unit5
762,life,生活,[laɪf],五年级上册,Unit6
763,living room,客厅,['lɪvɪŋ    ruːm],五年级上册,Unit6
764,bedroom,卧室,['bedruːm],五年级上册,Unit6
765,model plane,飞机模型,['mɒdl pleɪn],五年级上册,Unit6
766,kitchen,厨房,['kɪtʃɪn],五年级上册,Unit6
767,bathroom,浴室；卫生间,['bɑːθruːm],五年级上册,Unit6
768,their,他们的；她们的；它们的,[ðeə],五年级上册,Unit6
769,light,灯；光,[laɪt],五年级上册,Unit6
770,watch,观看；观察,[wɒtʃ],五年级上册,Unit6
771,TV,电视；电视机,[ˌti: ˈvi:],五年级上册,Unit6
772,before,在…以前,[bɪ'fɔː],五年级上册,Unit6
773,bedtime,就寝时间,['bedtaɪm],五年级上册,Unit6
774,do…homework,做家庭作业[duː],['həʊmwɜːk],五年级上册,Unit6
775,turn off,关掉,[tɜːn ɒf],五年级上册,Unit6
776,watch TV,看电视,[wɒtʃ],五年级上册,Unit6
777,tell a story,讲故事,['stɔːrɪ],五年级上册,Unit6
778,beach,海滩,[biːtʃ],五年级上册,Unit7
779,enjoy,享受…的乐趣,[ɪnˈdʒɔɪ],五年级上册,Unit7
780,sunshine,阳光,['sʌnʃaɪn],五年级上册,Unit7
781,collect,收集,[kə'lekt],五年级上册,Unit7
782,sea,海,[siː],五年级上册,Unit7
783,letter,信,['letə],五年级上册,Unit7
784,put,放；安置,[pʊt],五年级上册,Unit7
785,know,知道,[nəʊ],五年级上册,Unit7
786,year,年岁，年,[jɪə],五年级上册,Unit7
787,on holiday,度假,['hɒlɪdeɪ],五年级上册,Unit7
788,have a good time,玩得高兴,,五年级上册,Unit7
789,outing,远足,['aʊtɪŋ],五年级上册,Unit8
790,map,地图,[mæp],五年级上册,Unit8
791,hill,小山,[hɪl],五年级上册,Unit8
792,find,发现；找到,[faɪnd],五年级上册,Unit8
793,diamond,钻石,['daɪəmənd],五年级上册,Unit8
794,another,另一个,[ə'nʌðə],五年级上册,Unit8
795,lake,湖,[leɪk],五年级上册,Unit8
796,funny,滑稽的；好笑的,['fʌnɪ],五年级上册,Unit8
797,hole,洞,[həʊl],五年级上册,Unit8
798,key,钥匙,[kiː],五年级上册,Unit8
799,think,想,[θɪŋk],五年级上册,Unit8
800,at the top of,在…顶部,,五年级上册,Unit8
801,get through,通过,[get θruː],五年级上册,Unit8
802,post office,邮局,[pəʊst 'ɒfɪs],五年级上册,Unit9
803,quite,相当，十分,[kwaɪt],五年级上册,Unit9
804,along,沿着；顺着,[ə'lɒŋ],五年级上册,Unit9
805,turn,转向；转弯,[tɜːn],五年级上册,Unit9
806,left,左边,[left],五年级上册,Unit9
807,straight,笔直地,[streɪt],五年级上册,Unit9
808,right,右边；正确的,[raɪt],五年级上册,Unit9
809,between,在…中间,[bɪ'twiːn],五年级上册,Unit9
810,flower shop,花店,['flaʊə],五年级上册,Unit9
811,hospital,医院,['hɒspɪt(ə)l],五年级上册,Unit9
812,toy shop,玩具店,[tɒɪ],五年级上册,Unit9
813,road,路；马路,[rəʊd],五年级上册,Unit9
814,get to,到达,,五年级上册,Unit9
815,blow,刮；吹,[bləʊ],五年级上册,Unit10
816,gently,和缓地；温柔地,['dʒentlɪ],五年级上册,Unit10
817,softly,轻柔地,['sɒftlɪ],五年级上册,Unit10
818,strongly,强劲地,['strɒŋlɪ],五年级上册,Unit10
819,happily,快乐地,['hæpɪlɪ],五年级上册,Unit10
820,windmill,风车,['wɪn(d)mɪl],五年级上册,Unit10
821,move,（使）改变位置；移动,[muːv],五年级上册,Unit10
822,slowly,缓慢地,['sləʊlɪ],五年级上册,Unit10
823,quickly,快地；迅速地,['kwɪklɪ],五年级上册,Unit10
824,sound,声音；听起来好像,[saʊnd],五年级上册,Unit10
825,wind-bell,风铃,[wɪnd bel],五年级上册,Unit10
826,cut,剪；砍；切,[kʌt],五年级上册,Unit10
827,paper,纸；纸张,['peɪpə],五年级上册,Unit10
828,quiet,轻声的；安静的,['kwaɪət],五年级上册,Unit10
829,tap,水龙头,[tæp],五年级上册,Unit11
830,use,使用,[juːz],五年级上册,Unit11
831,vegetable,蔬菜,[ˈvedʒtəbl],五年级上册,Unit11
832,clothes,衣服；服装,[kləʊ(ð)z],五年级上册,Unit11
833,farmer,农民,['fɑːmə],五年级上册,Unit11
834,useful,有用的,['juːsf(ə)l],五年级上册,Unit11
835,drop,滴；水珠,[drɒp],五年级上册,Unit11
836,up,向上；在上面,[ʌp],五年级上册,Unit11
837,shine,照耀,[ʃaɪn],五年级上册,Unit11
838,over,在…上方,['əʊvə],五年级上册,Unit11
839,mountain,山；山脉,[ˈmaʊntən],五年级上册,Unit11
840,tree,树,[triː],五年级上册,Unit11
841,ground,地面,[graʊnd],五年级上册,Unit11
842,inside,在…里面,[ɪn'saɪd],五年级上册,Unit11
843,grow crops,种庄稼,[grəʊ krɒps],五年级上册,Unit11
844,put out fires,灭火,['faɪəz],五年级上册,Unit11
845,fire,火；火灾,['faɪə],五年级上册,Unit12
846,burn,燃烧；烧,[bɜːn],五年级上册,Unit12
847,hurt,（使）受伤,[hɜːt],五年级上册,Unit12
848,must,必须,[mʌst],五年级上册,Unit12
849,careful,小心的,[ˈkeəfl],五年级上册,Unit12
850,safety,安全,['seɪftɪ],五年级上册,Unit12
851,smoke,吸烟,[sməʊk],五年级上册,Unit12
852,match,火柴,[mætʃ],五年级上册,Unit12
853,heat,热；高温,[hiːt],五年级上册,Unit12
854,hate,讨厌,[heɪt],五年级上册,Unit12
855,burn down,烧毁,[bɜːn    daʊn],五年级上册,Unit12
856,(be) careful with,当心…,,五年级上册,Unit12
857,not  …at all,一点也不…,,五年级上册,Unit12
858,tidy,整理；整洁的,['taɪdɪ],五年级下册,Unit1
859,mess,脏乱；不整洁,[mes],五年级下册,Unit1
860,let,让,[let],五年级下册,Unit1
861,sock,短袜,[sɒk],五年级下册,Unit1
862,yours,你的；你们的,[jɔːz],五年级下册,Unit1
863,cap,帽子,[kæp],五年级下册,Unit1
864,mine,我的,[maɪn],五年级下册,Unit1
865,crayon,彩色蜡笔,[ˈkreɪən],五年级下册,Unit1
866,umbrella,伞,[ʌm'brelə],五年级下册,Unit1
867,nail,钉子,[neɪl],五年级下册,Unit1
868,drop,使落下；掉落,[drɒp],五年级下册,Unit1
869,stick,粘贴；粘住,[stɪk],五年级下册,Unit1
870,second,秒,['sek(ə)nd],五年级下册,Unit1
871,hers,她的,[hɜːz],五年级下册,Unit1
872,theirs,他们的；她们的；它们的,[ðeəz],五年级下册,Unit1
873,tidy up,把…整理好,,五年级下册,Unit1
874,(be) full of,装满…；充满…,,五年级下册,Unit1
875,a few,几个；一些,[fjuː],五年级下册,Unit1
876,why,为什么,[waɪ],五年级下册,Unit2
877,because,因为,[bɪ'kɒz],五年级下册,Unit2
878,study,书房；学习,['stʌdɪ],五年级下册,Unit2
879,dining room,餐室；餐厅,[daɪnɪŋ],五年级下册,Unit2
880,wild goose,大雁,[waɪld guːs],五年级下册,Unit2
881,change,改变；变化,[tʃeɪn(d)ʒ],五年级下册,Unit2
882,place,地方,[pleɪs],五年级下册,Unit2
883,twice,两次,[twaɪs],五年级下册,Unit2
884,every,每；每个,['evrɪ],五年级下册,Unit2
885,north,北方；向北,[nɔːθ],五年级下册,Unit2
886,south,南方；向南,[saʊθ],五年级下册,Unit2
887,enough,足够的,[ɪ'nʌf],五年级下册,Unit2
888,then,然后,[ðen],五年级下册,Unit2
889,all day,一天到晚,,五年级下册,Unit2
890,future,将来；未来,['fjuːtʃə],五年级下册,Unit3
891,stand,站；站住,[stænd],五年级下册,Unit3
892,machine,机器,[mə'ʃiːn],五年级下册,Unit3
893,will,将；将会,[wɪl],五年级下册,Unit3
894,exercise,运动；锻炼；活动,['eksəsaɪz],五年级下册,Unit3
895,early,早；提早,['ɜːlɪ],五年级下册,Unit3
896,hard,努力地,[hɑːd],五年级下册,Unit3
897,more,更多的,[mɔː],五年级下册,Unit3
898,in the future,将来,,五年级下册,Unit3
899,in front of,在…前面,,五年级下册,Unit3
900,take a photo,拍照,,五年级下册,Unit3
901,wear glasses,戴眼镜,,五年级下册,Unit3
902,do exercise,做运动,,五年级下册,Unit3
903,(be) weak in,不擅长,,五年级下册,Unit3
904,not…any more,不再,,五年级下册,Unit3
905,storybook,故事书,['stɔːrɪbʊk],五年级下册,Unit4
906,buy,买,[baɪ],五年级下册,Unit4
907,story,故事,['stɔːrɪ],五年级下册,Unit4
908,dictionary,字典；词典,['dɪkʃ(ə)n(ə)rɪ],五年级下册,Unit4
909,magazine,杂志,[mægə'ziːn],五年级下册,Unit4
910,newspaper,报纸,['njuːzpeɪpə],五年级下册,Unit4
911,week,周；星期,[wiːk],五年级下册,Unit4
912,student,学生,['stjuːd(ə)nt],五年级下册,Unit4
913,poster,海报,['pəʊstə],五年级下册,Unit4
914,best,最好的,[best],五年级下册,Unit4
915,writer,作家,['raɪtə],五年级下册,Unit4
916,over there,在那边,,五年级下册,Unit4
917,do a survey,做调查,[ˈsəːveɪ],五年级下册,Unit4
918,act…out,表演,,五年级下册,Unit4
919,weekend,周末,[wiːkˈend],五年级下册,Unit5
920,stay,待；暂住；逗留,[steɪ],五年级下册,Unit5
921,film,电影,[fɪlm],五年级下册,Unit5
922,boat,小船,[bəʊt],五年级下册,Unit5
923,plan,安排；计划,[plæn],五年级下册,Unit5
924,tomorrow,明天,[tə'mɒrəʊ],五年级下册,Unit5
925,build,建筑；建造,[bɪld],五年级下册,Unit5
926,next,紧接着；随后；紧接着的,[nekst],五年级下册,Unit5
927,swing,秋千,[swɪŋ],五年级下册,Unit5
928,cry,哭；喊叫,[kraɪ],五年级下册,Unit5
929,until,直到,[ən'tɪl],五年级下册,Unit5
930,see a film,看电影,,五年级下册,Unit5
931,row a boat,划船,[rəʊ],五年级下册,Unit5
932,holiday,假日；假期,['hɒlɪdeɪ],五年级下册,Unit6
933,clear,清澈的,[klɪə],五年级下册,Unit6
934,seafood,海鲜,['siːfuːd],五年级下册,Unit6
935,hotel,旅馆,[həʊˈtel],五年级下册,Unit6
936,island,岛,['aɪlənd],五年级下册,Unit6
937,butterfly,蝴蝶,['bʌtəflaɪ],五年级下册,Unit6
938,how long,多久,,五年级下册,Unit6
939,go swimming,去游泳,,五年级下册,Unit6
940,in the south of,在…的南部,,五年级下册,Unit6
941,all year round,一年到头,,五年级下册,Unit6
942,meet,迎接；会见,[miːt],五年级下册,Unit7
943,school gate,校门；校门口,[geɪt],五年级下册,Unit7
944,art room,美术室,[ɑːt],五年级下册,Unit7
945,hall,礼堂,[hɔːl],五年级下册,Unit7
946,finally,最后,['faɪnəlɪ],五年级下册,Unit7
947,meeting room,会客室；会议室,,五年级下册,Unit7
948,show,给…看,[ʃəʊ],五年级下册,Unit7
949,project,课题,[ˈprɒdʒekt],五年级下册,Unit7
950,board,布告牌；木板,[bɔːd],五年级下册,Unit7
951,which,哪一个；哪一些,[wɪtʃ],五年级下册,Unit8
952,trousers,裤子,['traʊzəz],五年级下册,Unit8
953,size,尺码,[saɪz],五年级下册,Unit8
954,sweater,毛衣,['swetə],五年级下册,Unit8
955,coat,外套；大衣,[kəʊt],五年级下册,Unit8
956,shoe,鞋,[ʃuː],五年级下册,Unit8
957,emperor,皇帝,[ˈempərə(r)],五年级下册,Unit8
958,only,只有；仅,['əʊnlɪ],五年级下册,Unit8
959,nod,点头,[nɒd],五年级下册,Unit8
960,smile,笑容；微笑,[smaɪl],五年级下册,Unit8
961,money,钱,['mʌnɪ],五年级下册,Unit8
962,keep,保持,[kiːp],五年级下册,Unit8
963,laugh,大笑,[lɑːf],五年级下册,Unit8
964,try…on,试穿（衣物）,,五年级下册,Unit8
965,put…on,穿；戴,,五年级下册,Unit8
966,keep quiet,保持安静,,五年级下册,Unit8
967,have a look,看一看,,五年级下册,Unit8
968,ill,生病的；不舒服,[ɪl],五年级下册,Unit9
969,wrong,有毛病；不正常；错误的,[rɒŋ],五年级下册,Unit9
970,headache,头痛,['hedeɪk],五年级下册,Unit9
971,fever,发烧；发热,['fiːvə],五年级下册,Unit9
972,should,应该,[ʃəd; strong form ʃʊd],五年级下册,Unit9
973,medicine,药,[ˈmedɪsn],五年级下册,Unit9
974,rest,休息,[rest],五年级下册,Unit9
975,toothache,牙痛,['tuːθeɪk],五年级下册,Unit9
976,toothless,没有牙齿的,['tuːθləs],五年级下册,Unit9
977,present,礼物,[ˈpreznt],五年级下册,Unit9
978,world,世界,[wɜːld],五年级下册,Unit9
979,dentist,牙医,['dentɪst],五年级下册,Unit9
980,have a headache,头疼,,五年级下册,Unit9
981,have a fever,发烧,,五年级下册,Unit9
982,have a cold,感冒,,五年级下册,Unit9
983,have a rest,休息一下,,五年级下册,Unit9
984,get well,康复,,五年级下册,Unit9
985,have a toothache,牙疼,,五年级下册,Unit9
986,have a meeting,开会,,五年级下册,Unit9
987,pull…out,把…拔出,,五年级下册,Unit9
988,invention,发明；创造,[ɪn'venʃ(ə)n],五年级下册,Unit10
989,watch,手表,[wɒtʃ],五年级下册,Unit10
990,anywhere,任何地方,['enɪweə],五年级下册,Unit10
991,travel,旅行；长途行走,['træv(ə)l],五年级下册,Unit10
992,invent,发明,[ɪn'vent],五年级下册,Unit10
993,something,某事；某物,['sʌmθɪŋ],五年级下册,Unit10
994,myself,我自己,[maɪ'self],五年级下册,Unit10
995,camera,相机,['kæm(ə)rə],五年级下册,Unit10
996,far away from…,远离…,,五年级下册,Unit10
997,festival,节日,[ˈfestəvl],五年级下册,Unit11
998,important,重要的,[ɪm'pɔːt(ə)nt],五年级下册,Unit11
999,call,把…叫做,[kɔːl],五年级下册,Unit11
1000,dumpling,饺子,['dʌmplɪŋ],五年级下册,Unit11
1001,relative,亲戚,['relətɪv],五年级下册,Unit11
1002,red packet,红包,['pækɪt],五年级下册,Unit11
1003,firework,烟火；烟花,['faɪəwɜːk],五年级下册,Unit11
1004,monster,怪物,['mɒnstə],五年级下册,Unit11
1005,end,结尾；结束,[end],五年级下册,Unit11
1006,village,村庄,['vɪlɪdʒ],五年级下册,Unit11
1007,last,最后的,[lɑːst],五年级下册,Unit11
1008,firecracker,鞭炮；爆竹,['faɪəkrækə],五年级下册,Unit11
1009,mooncake,月饼,['mu:nkeɪk],五年级下册,Unit11
1010,at the end of,在…的最后,,五年级下册,Unit11
1011,giant,巨人,['dʒaɪənt],五年级下册,Unit12
1012,wall,墙；围墙,[wɔːl],五年级下册,Unit12
1013,kind,友好的；体贴的,[kaɪnd],五年级下册,Unit12
1014,through,穿过,[θruː],五年级下册,Unit12
1015,no entry,禁止进入,[ˈentrɪ],五年级下册,Unit12
1016,(be)kind to…,对…友好,,五年级下册,Unit12
1017,knock down,推倒；拆掉,[nɒk],五年级下册,Unit12
1018,month,一个月的时间；月份,[mʌnθ],六年级上册,Unit1
1019,cute,可爱的,[kjuːt],六年级上册,Unit1
1020,pretty,漂亮的,['prɪtɪ],六年级上册,Unit1
1021,handsome,英俊的；帅气的,['hæns(ə)m],六年级上册,Unit1
1022,turtle,乌龟,['tɜːt(ə)l],六年级上册,Unit1
1023,catch,逮住；捕捉,[kætʃ],六年级上册,Unit1
1024,fly,苍蝇,[flaɪ],六年级上册,Unit1
1025,grow up,长大；成长,,六年级上册,Unit1
1026,junior high school,初级中学,['dʒuːnɪə],六年级上册,Unit1
1027,(be) born,出生,,六年级上册,Unit1
1028,famous,著名的；出名的,['feɪməs],六年级上册,Unit2
1029,during,在…期间,['djʊərɪŋ],六年级上册,Unit2
1030,spend,度过,[spend],六年级上册,Unit2
1031,everyone,每个人；所有人,['evrɪwʌn],六年级上册,Unit2
1032,countryside,乡村；农村,['kʌntrɪsaɪd],六年级上册,Unit2
1033,pick,采摘,[pɪk],六年级上册,Unit2
1034,summer holiday,暑假,['sʌmə 'hɒlɪdeɪ],六年级上册,Unit2
1035,healthy,健康的；有益于健康的,['helθɪ],六年级上册,Unit3
1036,unhealthy,损害健康的,[ʌn'helθɪ],六年级上册,Unit3
1037,hamburger,汉堡包,[ˈhæmbɜ:gə],六年级上册,Unit3
1038,cola,可乐,['kəʊlə],六年级上册,Unit3
1039,yesterday,昨天,[ˈjestədeɪ],六年级上册,Unit3
1040,fruit,水果,[fruːt],六年级上册,Unit3
1041,pie,馅饼,[paɪ],六年级上册,Unit3
1042,pizza,比萨饼,['piːtsə],六年级上册,Unit3
1043,sandwich,三明治,['sæn(d)wɪdʒ],六年级上册,Unit3
1044,vegetable,蔬菜,[ˈvedʒtəbl],六年级上册,Unit3
1045,chicken,鸡肉,['tʃɪkɪn],六年级上册,Unit3
1046,chocolate,巧克力,['tʃɒk(ə)lət],六年级上册,Unit3
1047,a little,少量的,,六年级上册,Unit3
1048,fish and chips,炸鱼薯条,,六年级上册,Unit3
1049,neighbour,邻居,['neɪbə],六年级上册,Unit4
1050,son,儿子,[sʌn],六年级上册,Unit4
1051,daughter,女儿,['dɔːtə],六年级上册,Unit4
1052,noisy,吵闹的,[ˈnɔɪzɪ],六年级上册,Unit4
1053,owl,猫头鹰,[aʊl],六年级上册,Unit4
1054,dig,挖（土）；掘（洞）,[dɪg],六年级上册,Unit4
1055,make noise,制造噪音,[meɪk    nɔɪz],六年级上册,Unit4
1056,thousand,一千,['θaʊz(ə)nd],六年级上册,Unit5-6
1057,hundred,一百,['hʌndrəd],六年级上册,Unit5-6
1058,wild,野生环境；野生的,[waɪld],六年级上册,Unit5-6
1059,South China tiger,华南虎,[saʊθ],六年级上册,Unit5-6
1060,blue whale,蓝鲸,[bluː    weɪl],六年级上册,Unit5-6
1061,way,路；方式；方法,[weɪ],六年级上册,Unit5-6
1062,die,死；死亡,[daɪ],六年级上册,Unit5-6
1063,rhino,犀牛,['raɪnəʊ],六年级上册,Unit5-6
1064,learn,学会；学习,[lɜːn],六年级上册,Unit5-6
1065,send,安排去；寄；送,[send],六年级上册,Unit5-6
1066,in danger,面临危险,[ˈdeɪndʒə(r)],六年级上册,Unit5-6
1067,in the past,在过去,,六年级上册,Unit5-6
1068,take care of,照顾；照料,,六年级上册,Unit5-6
1069,go for a walk,去散步,,六年级上册,Unit5-6
1070,drive away,赶走,,六年级上册,Unit5-6
1071,e-friend,网友,"['i:,frend]",六年级上册,Unit5-6
1072,country,国家,['kʌntrɪ],六年级上册,Unit5-6
1073,other,其他的,['ʌðə],六年级上册,Unit5-6
1074,team,（游泳或运动的）队,[tiːm],六年级上册,Unit5-6
1075,hobby,业余爱好,['hɒbɪ],六年级上册,Unit5-6
1076,grade,年级,[greɪd],六年级上册,Unit5-6
1077,yourself,你自己,[jɔː'self],六年级上册,Unit5-6
1078,would like,表示意愿、喜欢,[wʊd; wəd],六年级上册,Unit5-6
1079,shall,表示提出或征求意见,[ʃæl; ʃ(ə)l],六年级上册,Unit7
1080,princess,公主,[prɪn'ses],六年级上册,Unit7
1081,police,警方；警察部门,[pə'liːs],六年级上册,Unit7
1082,exciting,令人激动的,[ɪk'saɪtɪŋ],六年级上册,Unit7
1083,brave,勇敢的,[breɪv],六年级上册,Unit7
1084,policeman,警察,[pə'liːsmən],六年级上册,Unit7
1085,boring,没趣的；令人厌倦的,['bɔːrɪŋ],六年级上册,Unit7
1086,queen,王后,[kwiːn],六年级上册,Unit7
1087,mirror,镜子,['mɪrə],六年级上册,Unit7
1088,fairest,最美丽的,[feərɪst],六年级上册,Unit7
1089,kill,杀死,[kɪl],六年级上册,Unit7
1090,asleep,睡着的,[ə'sliːp],六年级上册,Unit7
1091,neat time,下次,[niːt],六年级上册,Unit7
1092,once upon a time,从前,[wʌns    ə'pɒn],六年级上册,Unit7
1093,fall asleep,睡着,,六年级上册,Unit7
1094,bee,蜜蜂,[biː],六年级上册,Unit8
1095,insect,昆虫,['ɪnsekt],六年级上册,Unit8
1096,ant,蚂蚁,[ænt],六年级上册,Unit8
1097,anything,任何东西,['enɪθɪŋ],六年级上册,Unit8
1098,kind,种类,[kaɪnd],六年级上册,Unit8
1099,finger,手指,['fɪŋgə],六年级上册,Unit8
1100,dancer,跳舞者；舞蹈演员,['dɑːnsə],六年级上册,Unit8
1101,insect museum,昆虫博物馆,,六年级上册,Unit8
1102,car museum,汽车博物馆,,六年级上册,Unit8
1103,model car,汽车模型,,六年级上册,Unit8
1104,science museum,科学博物馆,,六年级上册,Unit8
1105,many kinds of,各种各样的,,六年级上册,Unit8
1106,capital,首都,['kæpɪt(ə)l],六年级上册,Unit9
1107,north,北；北部,[nɔːθ],六年级上册,Unit9
1108,east,东；东部,[iːst],六年级上册,Unit9
1109,west,西；西部,[west],六年级上册,Unit9
1110,south,南；南部,[saʊθ],六年级上册,Unit9
1111,palace,王宫；宫殿,['pælɪs],六年级上册,Unit9
1112,most,大多数,[məʊst],六年级上册,Unit9
1113,tourist,游客,['tʊərɪst],六年级上册,Unit9
1114,building,建筑物；楼房,['bɪldɪŋ],六年级上册,Unit9
1115,sushi,寿司,,六年级上册,Unit9
1116,in the north of,在…北部,,六年级上册,Unit9
1117,in the east of,在…东部,,六年级上册,Unit9
1118,air,空气,[eə],六年级上册,Unit10
1119,everywhere,处处；到处,['evrɪweə],六年级上册,Unit10
1120,alive,活着的,[ə'laɪv],六年级上册,Unit10
1121,balloon,气球,[bə'luːn],六年级上册,Unit10
1122,factory,工厂,['fækt(ə)rɪ],六年级上册,Unit10
1123,smoke,烟,[sməʊk],六年级上册,Unit10
1124,dirty,脏的,['dɜːtɪ],六年级上册,Unit10
1125,clean,干净的；洁净的,[kliːn],六年级上册,Unit10
1126,hurt,感到痛,[hɜːt],六年级上册,Unit10
1127,fresh,清新的,[freʃ],六年级上册,Unit10
1128,plant,种植,[plɑːnt],六年级上册,Unit10
1129,keep…alive,让…活着,,六年级上册,Unit10
1130,plant trees,植树,,六年级上册,Unit10
1131,wood,木头；木材,[wʊd],六年级上册,Unit11
1132,cool,使变凉,[kuːl],六年级上册,Unit11
1133,match,火柴,[mætʃ],六年级上册,Unit11
1134,miss,想念,[mɪs],六年级上册,Unit11
1135,have to,不得不,,六年级上册,Unit11
1136,cut…down,把…砍倒,,六年级上册,Unit11
1137,look for,寻找,,六年级上册,Unit11
1138,Earth,地球,[ɜːθ],六年级上册,Unit12
1139,part,地区；区域,[pɑːt],六年级上册,Unit12
1140,forest,森林,['fɒrɪst],六年级上册,Unit12
1141,land,陆地,[lænd],六年级上册,Unit12
1142,ocean,海洋,['əʊʃ(ə)n],六年级上册,Unit12
1143,rubbish,垃圾,['rʌbɪʃ],六年级上册,Unit12
1144,sick,生病的,[sɪk],六年级上册,Unit12
1145,recycle,回收利用；再利用,[riː'saɪk(ə)l],六年级上册,Unit12
1146,glass,玻璃制品；玻璃,[glɑːs],六年级上册,Unit12
1147,own,自己的,[əʊn],六年级上册,Unit12
1148,so many,这么多,,六年级上册,Unit12
1149,pick up,捡起；拾起,,六年级上册,Unit12
1150,shopping bag,购物袋,,六年级上册,Unit12
1151,plastic bag,塑料袋,['plæstɪk],六年级上册,Unit12
1152,weigh,有…重；重,[weɪ],六年级下册,Unit1
1153,kilogram,千克；公斤,[ˈkɪləɡræm],六年级下册,Unit1
1154,centimetre,厘米,['sentɪmiːtə],六年级下册,Unit1
1155,taller,更高的,['tɔ:lə(r)],六年级下册,Unit1
1156,fan,迷；爱好者,[fæn],六年级下册,Unit1
1157,fantastic,极好的,[fæn'tæstɪk],六年级下册,Unit1
1158,themselves,（他它她）们自己,[ð(ə)m'selvz],六年级下册,Unit1
1159,theatre,剧院,['θɪətə],六年级下册,Unit1
1160,go fishing,去钓鱼,,六年级下册,Unit1
1161,enjoy oneself,玩得愉快；得到乐趣,,六年级下册,Unit1
1162,get…in,收割,,六年级下册,Unit1
1163,life,生活,[laɪf],六年级下册,Unit2
1164,writer,作家,['raɪtə],六年级下册,Unit2
1165,photographer,摄影师,[fə'tɒgrəfə],六年级下册,Unit2
1166,film,胶卷,[fɪlm],六年级下册,Unit2
1167,digital,数码的,['dɪdʒɪt(ə)l],六年级下册,Unit2
1168,street cleaner,环卫工人,[striːt 'kliːnə],六年级下册,Unit2
1169,sweep,扫地,[swiːp],六年级下册,Unit2
1170,broom,扫帚,[bruːm],六年级下册,Unit2
1171,drive,驾驶,[draɪv],六年级下册,Unit2
1172,street sweeper,扫地车,['swiːpə],六年级下册,Unit2
1173,wife,妻子,[waɪf],六年级下册,Unit2
1174,poor,贫穷的；差的；次的,[pɔ:(r)],六年级下册,Unit2
1175,fairy,仙子；小精灵,['feərɪ],六年级下册,Unit2
1176,wish,愿望；祝愿,[wɪʃ],六年级下册,Unit2
1177,by hand,用手,,六年级下册,Unit2
1178,right away,立即；马上,,六年级下册,Unit2
1179,in a short time,很快,,六年级下册,Unit2
1180,carry,背；提；拿,['kærɪ],六年级下册,Unit3
1181,online,在线地；在线的,[ɒn'laɪn],六年级下册,Unit3
1182,head teacher,校长,[hed    'tiːtʃə],六年级下册,Unit3
1183,PS,附言（用于信末）,['pi 'es],六年级下册,Unit3
1184,mountain,山；山脉,[ˈmaʊntən],六年级下册,Unit3
1185,even,甚至,['iːv(ə)n],六年级下册,Unit3
1186,space,太空,[speɪs],六年级下册,Unit3
1187,dinosaur,恐龙,['daɪnəsɔː],六年级下册,Unit3
1188,a piece of,一张；一片,[piːs],六年级下册,Unit3
1189,have a picnic,去野餐,['pɪknɪk],六年级下册,Unit3
1190,better and better,越来越好,,六年级下册,Unit3
1191,oil,油,[ɒɪl],六年级下册,Unit4
1192,oil painting,油画,['peɪntɪŋ],六年级下册,Unit4
1193,powerful,强有力的,['paʊəfʊl],六年级下册,Unit4
1194,ink,墨水；墨汁,[ɪŋk],六年级下册,Unit4
1195,Chinese ink painting,中国水墨画,[tʃaɪniːz],六年级下册,Unit4
1196,brush,画笔；刷子；刷,[brʌʃ],六年级下册,Unit4
1197,paints,绘画颜料,[peɪnts],六年级下册,Unit4
1198,artist,艺术家；画家,['ɑːtɪst],六年级下册,Unit4
1199,unhappy,不高兴的,[ʌn'hæpɪ],六年级下册,Unit4
1200,carefully,仔细地,['keəfəlɪ],六年级下册,Unit4
1201,on the left,在左边,,六年级下册,Unit4
1202,on the right,在右边,,六年级下册,Unit4
1203,all the time,一直；始终,,六年级下册,Unit4
1204,craft,手艺；工艺,[krɑːft],六年级下册,Unit5
1205,crown,王冠；皇冠,[kraʊn],六年级下册,Unit5
1206,scissors,剪刀,['sɪzəz],六年级下册,Unit5
1207,tape,胶带,[teɪp],六年级下册,Unit5
1208,glue,胶水,[gluː],六年级下册,Unit5
1209,saw,锯,[sɔː],六年级下册,Unit5
1210,craftsman,手艺人,['krɑːf(t)smən],六年级下册,Unit5
1211,tool,工具,[tuːl],六年级下册,Unit5
1212,easily,容易地,['iːzɪlɪ],六年级下册,Unit5
1213,himself,他自己,[hɪm'self],六年级下册,Unit5
1214,still,仍然,[stɪl],六年级下册,Unit5
1215,model house,房子模型,['mɒdl],六年级下册,Unit5
1216,a long tome ago,很久以前,,六年级下册,Unit5
1217,at work,忙着（做事情）,,六年级下册,Unit5
1218,say to oneself,自言自语,,六年级下册,Unit5
1219,long race,长跑,,六年级下册,Unit6
1220,short race,短跑,,六年级下册,Unit6
1221,win,获胜；赢,[wɪn],六年级下册,Unit6
1222,long jump,跳远,,六年级下册,Unit6
1223,high jump,跳高,,六年级下册,Unit6
1224,swimsuit,游泳衣,['swɪmsuːt],六年级下册,Unit6
1225,swimming cap,游泳帽,,六年级下册,Unit6
1226,swimming pool,游泳池,,六年级下册,Unit6
1227,warm-up,准备活动；热身练习,,六年级下册,Unit6
1228,fit,健壮的,[fɪt],六年级下册,Unit6
1229,swimming goggles,游泳镜,[ˈgɒglz],六年级下册,Unit6
1230,bell,铃铛,[bel],六年级下册,Unit7
1231,neck,脖子,[nek],六年级下册,Unit7
1232,ago,以前,[ə'gəʊ],六年级下册,Unit7
1233,gatekeeper,门卫,['geɪtkiːpə],六年级下册,Unit7
1234,praise,赞扬；称赞,[preɪz],六年级下册,Unit7
1235,praise…for…,因…而表扬…,,六年级下册,Unit7
1236,sign,标识,[saɪn],六年级下册,Unit8
1237,middle,中间；中部；中心,['mɪd(ə)l],六年级下册,Unit8
1238,special,特别的,['speʃ(ə)l],六年级下册,Unit8
1239,path,小路；小径,[pɑːθ],六年级下册,Unit8
1240,may,可能；可以,[meɪ],六年级下册,Unit8
1241,lost,迷路的；迷失的,[lɒst],六年级下册,Unit8
1242,worry,担心,['wʌrɪ],六年级下册,Unit8
1243,follow,跟随；跟着,['fɒləʊ],六年级下册,Unit8
1244,in the middle,在中间,,六年级下册,Unit8
1245,look out,小心；当心,,六年级下册,Unit8
1246,no smoking,禁止吸烟,,六年级下册,Unit8
1247,no swimming,禁止游泳,,六年级下册,Unit8
1248,get lost,迷路,,六年级下册,Unit8
1249,some time,一段时间,,六年级下册,Unit8
1250,on the way,在路上,,六年级下册,Unit8
1251,reuse,重新利用,[riː'juːz],六年级下册,Unit9
1252,can,金属罐,[kæn],六年级下册,Unit9
1253,rubber,橡皮,['rʌbə],六年级下册,Unit9
1254,vase,花瓶,[vɑːz],六年级下册,Unit9
1255,pen holder,笔筒,['həʊldə],六年级下册,Unit9
1256,envelope,信封,['envələʊp],六年级下册,Unit9
1257,plastic,塑料制的；塑料的,['plæstɪk],六年级下册,Unit9
1258,rubbish bin,垃圾桶,['rʌbɪʃ bɪn],六年级下册,Unit9
1259,truck,卡车,[trʌk],六年级下册,Unit9
1260,piece,碎片；碎块,[piːs],六年级下册,Unit9
1261,cloth,布；布料,[klɒθ],六年级下册,Unit9
1262,throw away,扔掉,[θrəʊ ə'weɪ],六年级下册,Unit9
1263,fairy tale,童话,['feərɪ    teɪl],六年级下册,Unit10
1264,adult,成年人,['ædʌlt; ə'dʌlt],六年级下册,Unit10
1265,well-known,众所周知的,"[,wel'nəʊn]",六年级下册,Unit10
1266,stronger,更强大的,[strɒŋgə(r)],六年级下册,Unit10
1267,than,比,[ðæn; ð(ə)n],六年级下册,Unit10
1268,scarf,围巾（复数 scarves 或 scarfs）,[skɑːf],六年级下册,Unit10
1269,blow off,吹掉,,六年级下册,Unit10
1270,take off,脱掉,,六年级下册,Unit10
1271,Western,西方的,['west(ə)n],六年级下册,Unit11
1272,turkey,火鸡,['tɜːkɪ],六年级下册,Unit11
1273,bright,明亮的；鲜艳的,[braɪt],六年级下册,Unit11
1274,laugh at,嘲笑,[lɑːf],六年级下册,Unit11
1275,jack-o’-lantern,南瓜灯,['læntən],六年级下册,Unit11
1276,pea,豌豆,[piː],六年级下册,Unit12
1277,pod,豆荚,[pɒd],六年级下册,Unit12
1278,forever,永远,[fə'revə],六年级下册,Unit12
1279,bigger,更大的,[bɪgə(r)],六年级下册,Unit12
1280,excited,兴奋的,[ɪk'saɪtɪd],六年级下册,Unit12
1281,bullet,子弹,['bʊlɪt],六年级下册,Unit12
1282,lazy,懒惰的,['leɪzɪ],六年级下册,Unit12
1283,roof,屋顶,[ruːf],六年级下册,Unit12
1284,yard,院子,[jɑːd],六年级下册,Unit12
1285,hit,碰撞；撞击,[hɪt],六年级下册,Unit12
1286,see the world,见世面,,六年级下册,Unit12
1287,one by one,一个接一个地,,六年级下册,Unit12
1288,look out of,往外看,,六年级下册,Unit12
